id,domain,status,purchase_price,renewal_price,attractiveness,demand,length,registrar,created_at,expires_at,status_verified_at
7bab1e13-0eba-42e3-8fa9-0b6b591fac71,pope.dance,available,16.99,27.49,high,low,4,namesilo,,,24/09/2026 15:26
96daf2ab-4ce9-45db-9a70-c1de2f61f885,anybody.dance,available,17.99,,medium,low,7,name.com,,,
f0b3dd20-3acf-4eca-a40a-40df41043775,tues.dance,available,17.99,,high,low,4,name.com,,,
0856900d-c648-44ca-9ea6-3ed2d602ba3d,diagonal.dance,available,10.48,36.98,medium,low,8,namecheap,,,07/08/2026 04:07
2b4bb4d3-a38f-41e4-86d7-fa1f16941dd5,stepson.dance,available,17.99,,high,low,7,name.com,,,
6505121b-ab64-4501-8eb7-07bc9c0872ce,apsidal.dance,available,10.48,36.98,medium,low,7,namecheap,,,06/08/2026 10:18
b82b063f-2d65-488a-ab29-425fe7086c5c,amnesic.dance,available,10.48,36.98,medium,low,7,namecheap,,,
88a7e733-1bf8-42b5-ad5e-0d2a6d13f0e8,heel.dance,available,17.99,,high,low,4,name.com,,,
860b81fb-f9d2-49a3-9a75-cf0723d566ea,infuriated.dance,available,10.48,36.98,medium,low,10,namecheap,,,
e49636a2-9deb-45c0-a3d2-9798bdc16c1c,relate.dance,available,10.48,36.98,high,low,6,namecheap,,,07/08/2026 07:03
e3ed864a-9b8b-40ee-aa3c-d922f4f3b844,airplane.dance,available,17.99,,high,low,8,name.com,,,
4e85055b-9e95-46f4-9880-fc6c92762212,adorables.dance,available,17.99,,high,low,9,name.com,,,
3a8e8f33-5421-47cf-857c-56dfc232a733,cucumber.dance,available,17.99,,high,low,8,name.com,,,
57a56542-d4d7-40e8-ad47-e5e3f2120a89,peaceful.dance,available,17.99,,high,low,8,name.com,,,
044ee887-4f2d-4772-b340-dd259ef4c022,fell.dance,available,10.48,36.98,high,low,4,namecheap,,,08/08/2026 15:49
cc96d9d3-206f-4353-a0f6-1797fd1ae8e8,multiplication.dance,available,17.99,,medium,low,14,name.com,,,
788cb70f-2d52-4de2-b513-97b9c8f7c581,town.dance,available,17.99,,high,low,4,name.com,,,
240d075c-fd35-4db6-afa6-51a7e964441f,bayer.dance,available,,,high,low,5,,,,
cb6f4409-b27a-4990-abfe-e20647389c81,supplier.dance,available,17.99,,high,low,8,name.com,,,
2ab26719-faf8-4563-b078-ba5e372feb38,ripening.dance,available,10.48,36.98,high,low,8,namecheap,,,
e0239a04-f68e-484e-8c3a-b21a198da2ee,bomb.dance,available,17.99,,high,low,4,name.com,,,
edfc7cdd-493d-4233-aa1c-f657c06f63d3,whereas.dance,available,17.99,,high,low,7,name.com,,,
8928ffe9-60d1-4d7b-8239-fa5d5b73c983,boxing.dance,available,17.99,,high,low,6,name.com,,,
51b56087-37fe-4139-bdb8-d9748152f1f4,feelings.dance,available,17.99,,high,low,8,name.com,,,
71ae038c-7634-4c99-a12e-21f26d40251a,amylaceous.dance,available,10.48,36.98,medium,low,10,namecheap,,,
7fc0ac7a-9794-4ab5-beb8-662cda3cbb61,cleveland.dance,premium,118.8,118.8,high,low,9,namesilo,,,
e0ade9e4-30b7-4ac1-bf59-eba761fda9be,convince.dance,available,17.99,,high,low,8,name.com,,,
8cfcedb6-6db8-4bed-ac3f-3503b1254cc4,grinning.dance,available,17.99,,high,low,8,name.com,,,
d64d94bf-58b7-43f1-815d-82659fa24554,allergy.dance,available,17.99,,high,low,7,name.com,,,
54a03634-a9a3-494e-bb1e-cd95f083fcda,twinkly.dance,available,10.48,36.98,medium,low,7,namecheap,,,09/08/2026 04:13
ba964ebd-6bda-4332-9d04-3bd98a9a22da,perceiving.dance,available,17.99,,high,low,10,name.com,,,
0a8bfc78-6671-4f26-9dca-789f6cdde93c,hang.dance,available,17.99,,high,low,4,name.com,,,
ef702b33-ffaa-45a6-beee-7dfc72e080c6,tug.dance,available,17.99,,high,low,3,name.com,,,
297bcc8f-f9b8-4a32-9f52-9abaa095a61f,variable.dance,available,17.99,,high,low,8,name.com,,,
68efaa4e-4459-4817-b186-f5eae0a19df9,ecru.dance,available,10.48,36.98,medium,low,4,namecheap,,,09/08/2026 12:26
dcebeff4-634c-4c97-99f5-2bd7e9dc511f,friendship.dance,available,17.99,,high,low,10,name.com,,,
7704721d-9bbb-489f-be28-ffad69f50c07,chips.dance,available,17.99,,high,low,5,name.com,,,
1be87fe4-eaeb-4620-9b3b-f67291c75dd3,moment.dance,available,17.99,,high,low,6,name.com,,,
c8a83661-3e98-4c07-9f79-f1dce23f2b55,saucepan.dance,available,17.99,,high,low,8,name.com,,,
2949ab7a-6403-4225-a291-23dcab6f568d,beetling.dance,available,10.48,36.98,medium,low,8,namecheap,,,09/08/2026 08:22
fe6b7640-ee70-47d2-bddf-b6e6f0aa70cb,trip.dance,available,17.99,,high,low,4,name.com,,,
cda97670-52c3-4684-a7c4-7f8f54db9e01,stereotype.dance,available,17.99,,high,low,10,name.com,,,
027f6037-9ee1-4779-88f8-5e7f662c7c17,flickering.dance,available,10.48,36.98,high,low,10,namecheap,,,
9b1345aa-5467-4823-8dcb-c334a5bc383b,abdicable.dance,available,10.48,36.98,medium,low,9,namecheap,,,
6c2121e8-8b95-4c1d-bfdc-cae50bf318df,astound.dance,available,17.99,,high,low,7,name.com,,,
b9dca3cf-a0db-4bec-a317-6a71a7a479d8,fla.dance,available,17.99,,high,low,3,name.com,,,
ec531c23-197b-46ce-a03d-276b9b7dc64d,despite.dance,available,17.99,,high,low,7,name.com,,,
01fcc56a-bb2e-482e-a381-b0357c62f1e1,chiliad.dance,available,,,medium,low,7,,,,
975e0b8a-1d9c-4894-b9dc-6266dcd43693,tectonic.dance,available,10.48,36.98,high,low,8,namecheap,,,06/08/2026 15:47
e60857d0-8976-4d93-b5fb-139fd4b54336,rejection.dance,available,17.99,,high,low,9,name.com,,,
d4a62bd1-8f24-4f4b-a09b-cd1ffed5bf70,prudent.dance,available,17.99,,high,low,7,name.com,,,
3e6e3c57-9787-4dca-85e7-1cdacf616fe5,gun.dance,available,17.99,,high,low,3,name.com,,,
d55404b6-2087-499c-b420-d8f338f1f9ac,pita.dance,available,17.99,,high,low,4,name.com,,,
c5b70e03-bf37-47c6-b840-db2c4390298c,acknowledge.dance,available,17.99,,high,low,11,name.com,,,
1160cd7b-6d6f-4b9c-ac10-6da75183b705,elusive.dance,available,10.48,36.98,high,low,7,namecheap,,,08/08/2026 08:07
d353769a-32dd-4488-b847-dbe52367e674,session.dance,available,17.99,,high,low,7,name.com,,,
14e644fc-7399-4781-af29-827368f804de,heck.dance,available,17.99,,high,low,4,name.com,,,
c592b771-07e9-45eb-9c8c-e6054015b877,returned.dance,available,17.99,,high,low,8,name.com,,,
8b3da74a-22c6-4731-a2cf-955f52078701,becalmed.dance,available,10.48,36.98,medium,low,8,namecheap,,,09/08/2026 06:03
ef2f8039-2a2e-4584-a566-ab0fd60c764b,donation.dance,available,17.99,,high,low,8,name.com,,,
c75a0b1a-df2a-4155-96ed-442e06903315,abuzz.dance,available,10.48,36.98,high,low,5,namecheap,,,
9852310f-c1a1-4c01-bec9-381d21a1c31d,prevention.dance,available,10.48,36.98,high,low,10,namecheap,,,08/09/2026 14:09
b96602f5-6d64-4d89-b72b-26841e37b495,vibrate.dance,available,17.99,,high,low,7,name.com,,,
409781d9-7fb8-4d42-8c00-523afdd0529b,times.dance,available,17.99,,high,low,5,name.com,,,
16ebe3c2-985b-48aa-9baf-496f9fc5cf19,phoney.dance,available,10.48,36.98,medium,low,6,namecheap,,,08/08/2026 23:14
3d741cfe-47f8-4d13-9a52-92cdbe87c5f3,disapproval.dance,available,17.99,,medium,low,11,name.com,,,
5c657184-cc49-43bb-afcd-fb19b95ade38,effectively.dance,available,17.99,,high,low,11,name.com,,,
5b14e814-cda6-46a1-8c7b-e40ef21416d2,eliza.dance,available,17.99,,high,low,5,name.com,,,
18d12139-6a9b-493f-ae42-64149d7f1d10,advisory.dance,available,10.48,36.98,high,low,8,namecheap,,,
9770f754-afe2-452f-b8d1-2248f507f7a4,obviously.dance,available,17.99,,high,low,9,name.com,,,
01c2d216-7fb3-41ef-9806-c85bfc1711ba,income.dance,available,17.99,,high,low,6,name.com,,,
e5bb8d35-9170-4144-9be5-c16e9a6e2df8,appellate.dance,available,10.48,36.98,medium,low,9,namecheap,,,06/08/2026 06:18
50c597e1-d2c1-45f2-893d-9afe74f805f4,geometry.dance,available,17.99,,high,low,8,name.com,,,
9d303c7e-610f-4811-8a07-d4ef434c1589,organs.dance,available,17.99,,high,low,6,name.com,,,
2a6b2d75-e649-458b-8ae3-6fa19ca3dbe2,consensus.dance,available,17.99,,high,low,9,name.com,,,
0f1fac3c-2e56-4ead-8504-251d1ae19597,bean.dance,available,17.99,,high,low,4,name.com,,,
e20af716-0bba-4958-8e42-3f23908531fa,innocence.dance,available,17.99,,high,low,9,name.com,,,
6b9f80fe-2644-4c3f-9a97-38d6cd9eede7,namely.dance,available,17.99,,high,low,6,name.com,,,
b1cb22a0-b8c8-4058-80c9-5aa27be9b914,noncitizen.dance,available,10.48,36.98,high,low,10,namecheap,,,
019dd2ea-0373-43ec-8b2f-9ae0ac10a216,measuring.dance,available,17.99,,high,low,9,name.com,,,
16f28650-db91-40ae-994d-feea4c8eeb3a,committing.dance,available,17.99,,high,low,10,name.com,,,
0d29327a-432b-4123-880c-40ff67b2d473,barebacked.dance,available,10.48,36.98,medium,low,10,namecheap,,,08/08/2026 18:44
6cbc1589-0ce7-4650-9a75-7f79b2efc1fa,bash.dance,available,17.99,,high,low,4,name.com,,,
ba119b42-cd32-4804-8ea1-2ae8d92fd70a,acetous.dance,available,10.48,36.98,medium,low,7,namecheap,,,
01de004f-df52-43d6-90eb-e4c4cb844c5a,figures.dance,available,17.99,,medium,low,7,name.com,,,
9640de56-1db8-4fd9-9086-60f4b4d64f5e,shallow.dance,available,17.99,,medium,low,7,name.com,,,
790930e6-58c2-4c71-8870-ad7bb33cf5ac,antarctic.dance,available,10.48,36.98,high,low,9,namecheap,,,
9aed9520-0eb7-4bda-b78f-239e61ce0c3f,annex.dance,available,17.99,,high,low,5,name.com,,,
2df90376-cde6-408d-9c74-f81f46fd2e87,dives.dance,available,17.99,,high,low,5,name.com,,,
308b30e0-a704-4d05-8408-93da0e9d8d3c,supplied.dance,available,17.99,,medium,low,8,name.com,,,
3b19ea18-756c-4669-9fb2-be15537badb3,cleansing.dance,available,10.48,36.98,high,low,9,namecheap,,,
9f2c1554-7e27-4135-b59d-9cf80a467609,incidental.dance,available,10.48,36.98,high,low,10,namecheap,,,
58bacae5-6990-4792-88f2-6e625d566576,adviser.dance,available,17.99,,high,low,7,name.com,,,
bce09443-422e-4174-8b8a-ea1ea9d94ad9,adequately.dance,available,17.99,,high,low,10,name.com,,,
d1d13b8c-a2d1-4e59-b597-4d7eec6dffb4,mere.dance,available,17.99,,high,low,4,name.com,,,
e73fa328-983a-461e-8a57-6876e9ec6c0d,slanting.dance,available,10.48,36.98,medium,low,8,namecheap,,,07/08/2026 04:20
90b255a4-bb02-4bad-b879-0044333b138b,supernatural.dance,available,17.99,,high,low,12,name.com,,,
87ca91ba-72b7-4457-9aa0-774f48491a74,analyzable.dance,available,10.48,36.98,medium,low,10,namecheap,,,
e4e12a29-6700-407b-bcfd-7cbdc21a1f0d,playacting.dance,available,10.48,36.98,medium,low,10,namecheap,,,
f07cb113-a958-4ceb-a3c0-b52a01fee935,alated.dance,available,10.48,36.98,medium,low,6,namecheap,,,
633f681a-e3e2-48d4-ac51-140fc6f00f4a,fame.dance,premium,118.8,118.8,high,low,4,namesilo,,,
10ab7709-0c9d-4a51-bb1b-062b9c219014,drone.dance,resell,,,high,low,5,Dynadot Inc,22/10/2025 07:37,22/10/2026 07:37,
9e6191ac-ca42-4c05-8370-8bafdaf479cf,bewildered.dance,available,10.48,36.98,medium,low,10,namecheap,,,07/08/2026 11:52
0592862d-f133-4da5-8147-2a712db42ad3,shocked.dance,available,10.48,36.98,high,low,7,namecheap,,,
bb6089f2-1164-4199-b19a-b560ec44d9bc,unfair.dance,available,17.99,,high,low,6,name.com,,,
e95160d1-2795-4a7a-858f-fd1bfe05466e,preview.dance,available,17.99,,high,low,7,name.com,,,
1fa8d79a-62c5-4548-918f-5066e8a48c06,bellicose.dance,available,10.48,36.98,low,low,9,namecheap,,,09/08/2026 01:44
3133daa8-64a5-4c34-8bc0-d9d8a8766453,diy.dance,premium,118.8,118.8,high,low,3,namesilo,,,
c96f47f2-c4a1-4ec3-84f9-9983b8f018dd,prior.dance,available,17.99,,high,low,5,name.com,,,
001c5915-72fa-4f85-b397-54bf0240a2bd,shaking.dance,available,17.99,,high,low,7,name.com,,,
cef6b266-33fe-4f50-8015-eaef6fd9db17,indeed.dance,available,,,high,low,6,,,,
018ce594-d0a5-4d84-8470-9d77ee8e5f8a,astronomic.dance,available,10.48,36.98,medium,low,10,namecheap,,,07/08/2026 10:10
011f2a43-8aca-48a6-8df7-f5ded1b613ce,accrued.dance,available,10.48,36.98,high,low,7,namecheap,,,
6b349644-0766-42c0-9fde-80ac93a6f8a5,atypical.dance,available,10.48,36.98,high,low,8,namecheap,,,07/08/2026 16:06
4e9b827e-23ce-439d-82eb-90a28681ac64,snicker.dance,available,17.99,,high,low,7,name.com,,,
b44ed1ea-ed4f-43d6-a18e-a735d862bd5e,expedite.dance,available,17.99,,high,low,8,name.com,,,
88bdb9a9-61ce-435a-a632-7725dba12342,upstairs.dance,available,17.99,,high,low,8,name.com,,,
3506516d-3994-4e84-83e6-d741b0384238,pitching.dance,available,17.99,,high,low,8,name.com,,,
9b33a9f3-0824-4813-ac48-2a93778e410e,ascensive.dance,available,10.48,36.98,medium,low,9,namecheap,,,07/08/2026 00:46
050bd99c-edd5-4077-97da-4deb429a849e,documentation.dance,available,17.99,,high,low,13,name.com,,,
b263b5d2-7a1c-447a-b622-c82b6d0bc3f5,count.dance,available,10.48,36.98,high,low,5,namecheap,,,24/09/2026 22:50
40c577e9-6446-42ee-bb2d-7ae2c342ffe1,quickly.dance,available,17.99,,high,low,7,name.com,,,
9a0bcdfb-8cf8-4048-928d-8abe85764e55,antioxidant.dance,available,17.99,,high,low,11,name.com,,,
32aef8a4-e7eb-4b3e-8a9d-2660cdd1698f,bandy.dance,available,10.48,36.98,medium,low,5,namecheap,,,08/08/2026 11:45
f0923aef-2ffc-47c9-a4df-de22543b4e60,newsgroup.dance,available,17.99,,high,low,9,name.com,,,
e564b4b0-2ded-47e0-a524-684a50e40df1,plate.dance,available,17.99,,high,low,5,name.com,,,
f5a65333-0bf7-43c6-b4cf-e4c6a8ca645a,bawdy.dance,available,10.48,36.98,medium,low,5,namecheap,,,09/08/2026 02:05
ff354738-158a-4c8f-a44e-e975e0d2dcca,gregg.dance,available,17.99,,high,low,5,name.com,,,
d788f620-049b-4c15-940a-1bfb52b770e6,gregor.dance,available,17.99,,high,low,6,name.com,,,
a170af8a-dfbc-430b-b7bc-a15ac9ead422,literally.dance,available,17.99,,high,low,9,name.com,,,
5681d86f-ddcb-44cb-99cb-0ddd8ee1acee,lace.dance,available,17.99,,high,low,4,name.com,,,
1fcedde6-7fca-4f5b-bf99-79ca397a862a,razor.dance,available,17.99,,high,low,5,name.com,,,
3b4bc12e-6946-42cd-a22f-f730bd77d3cb,blowout.dance,available,17.99,,high,low,7,name.com,,,
d910bd5c-d102-45af-8b40-bce3fb540a21,youth.dance,available,17.99,,high,low,5,name.com,,,
b28765d3-7cc4-4ce1-a81d-7970c5e2dbaf,manner.dance,available,17.99,,high,low,6,name.com,,,
5d9a8e44-6c70-4e24-9e5e-a91b3bb88cad,kangeroo.dance,available,17.99,,high,low,8,name.com,,,
cb276dde-0a8c-4e12-8209-5c3c9087b2d7,befitting.dance,available,10.48,36.98,medium,low,9,namecheap,,,09/08/2026 08:38
0b1ce05a-65f0-46eb-a726-3a12e07a05f8,microsoft.dance,available,,,high,low,9,,,,
fbfe4f1a-d511-454c-8f1c-3d779378d116,djia.dance,available,17.99,,high,low,4,name.com,,,
13fc0e39-b8c4-4c55-8fcb-b5a63a99c00a,fourscore.dance,available,10.48,36.98,high,low,9,namecheap,,,
ba8dfba7-497a-484f-8a93-70f12fac6d19,despise.dance,available,17.99,,high,low,7,name.com,,,
6047963a-55da-4744-aa6f-7401f65cf1f7,alchemical.dance,available,10.48,36.98,medium,low,10,namecheap,,,
4cc91084-69bc-436f-8c0e-f6c0837491a2,eggs.dance,available,17.99,,high,low,4,name.com,,,
9b594f67-a5f1-4ae3-9a51-f5ed1bd41846,salad.dance,available,17.99,,high,low,5,name.com,,,
3d0985b1-96bc-49d9-91c2-2fc796f02b20,iphone.dance,available,,,high,low,6,,,,
574b5427-49b7-4aaa-b39f-bddf8612fe58,embracing.dance,available,17.99,,high,low,9,name.com,,,
8e3d1a0d-c237-4b2a-b067-1e61b04813e1,hundredth.dance,available,10.48,36.98,high,low,9,namecheap,,,
0370d65f-4b20-479c-8ec5-f54f1ee11727,chirping.dance,available,17.99,,high,low,8,name.com,,,
285fea0e-5d9e-451c-80e0-b52d8614da2a,xxiii.dance,available,10.48,36.98,high,low,5,namecheap,,,
35fd584d-c5a6-41a6-bb7b-db1bb02d0bad,conductor.dance,available,17.99,,high,low,9,name.com,,,
c31434d4-0e84-4b6a-bc6f-f07e041c9c2f,act.dance,available,17.99,,high,low,3,name.com,,,
0824d3d5-fcde-468d-8703-c69e30a2116d,remember.dance,available,17.99,,high,low,8,name.com,,,
e2d03aa3-4520-4dfd-bc3b-36ac9c73f9c0,barbarous.dance,available,10.48,36.98,medium,low,9,namecheap,,,08/08/2026 15:40
35c39c5e-29fc-49f1-82ae-ed9d0097b0d1,confession.dance,available,17.99,,high,low,10,name.com,,,
8c51cf8b-4ab3-4e23-9e62-cad94afe93b5,baffled.dance,available,10.48,36.98,medium,low,7,namecheap,,,07/08/2026 11:36
ad0131a1-6d63-445e-9621-005263ead07a,attested.dance,available,10.48,36.98,medium,low,8,namecheap,,,07/08/2026 15:41
608a66a1-ac35-4dca-a536-a0389cdee3d7,sale.dance,available,17.99,,high,low,4,name.com,,,
227f8c01-7fd2-4845-bfb1-5a3b10c9a3c2,bell.dance,available,17.99,,high,low,4,name.com,,,
6c63a773-b785-4860-8b6c-cd1362a074b9,smartphone.dance,available,17.99,,high,low,10,name.com,,,
8ba61a69-23b4-47d2-aee3-49e61ea01a57,ghostlike.dance,available,10.48,36.98,medium,low,9,namecheap,,,06/08/2026 05:23
9abe5a24-34a6-490c-938e-bb2b7c097e5a,pair.dance,available,17.99,,high,low,4,name.com,,,
2fb2aa2d-9bbd-48ab-a020-19d59487039c,sunbelt.dance,available,17.99,,high,low,7,name.com,,,
d438a5a4-7cb1-4c7e-b67c-54f17aec796e,stubborn.dance,available,17.99,,high,low,8,name.com,,,
8c7bfa51-e498-44a3-8f68-790123a146f4,theyre.dance,available,17.99,,medium,low,6,name.com,,,
fcd3a5e7-0be9-4308-a2f3-267bdd9484cb,bacon.dance,available,17.99,,high,low,5,name.com,,,
3a547081-4fdc-4000-818d-0b7b3b92a04f,adobe.dance,available,,,high,low,5,,,,
2ef5a647-f0cb-46a7-9501-7ce6cbec60d5,acerate.dance,available,10.48,36.98,medium,low,7,namecheap,,,
0f52a44a-e713-4045-8b93-61788d669309,laudable.dance,available,10.48,36.98,high,low,8,namecheap,,,06/08/2026 07:01
c9a6601d-e231-4f3f-afcf-c27971ab087b,francesca.dance,available,17.99,,high,low,9,name.com,,,
9e4378ec-d2c5-4d97-87d1-4e85d22c34dd,inconsistent.dance,available,17.99,,medium,low,12,name.com,,,
48256be7-ff45-4336-b24e-7cade9f98b79,antiquated.dance,available,10.48,36.98,high,low,10,namecheap,,,
867b35b5-62aa-4ada-bcd8-6ddcf126a5ac,madrid.dance,premium,118.8,118.8,high,low,6,namesilo,,,
0b078f9f-db59-4baf-860f-b1ea351a92dd,autolytic.dance,available,10.48,36.98,medium,low,9,namecheap,,,07/08/2026 20:42
294144d9-8d2d-4f7e-8f62-549f9037147d,snapchat.dance,available,17.99,,high,low,8,name.com,,,
05c6db29-a71e-4808-9621-5ee6a386a697,mint.dance,available,,,high,low,4,,,,
48bd6ea4-957d-44f3-a14f-73f7584b88a2,aphotic.dance,available,10.48,36.98,medium,low,7,namecheap,,,05/08/2026 23:37
11c1c251-a86e-4573-ba68-d5fca7099c20,size.dance,available,17.99,,high,low,4,name.com,,,
14a6876f-5d71-40c5-a767-d6df14fcc852,put.dance,available,17.99,,high,low,3,name.com,,,
0177ab26-d278-4c12-8e05-2674b8f8be30,cement.dance,available,17.99,,high,low,6,name.com,,,
7f3d03c7-2c8f-40b1-a350-35ad0db103a4,deejay.dance,available,17.99,,high,low,6,name.com,,,
d8050397-900c-45aa-b198-4150d20f94e3,honestly.dance,available,10.48,36.98,high,low,8,namecheap,,,
9891c7d2-46c2-483f-93f6-2c436842da81,glove.dance,available,17.99,,high,low,5,name.com,,,
3e17fd05-38a0-4db7-a4ea-4d137cf62ca7,gaming.dance,available,17.99,,high,low,6,name.com,,,
b7477d2f-1d67-4544-bcbd-e100182e36d0,aroused.dance,available,10.48,36.98,high,low,7,namecheap,,,
237c7bcf-ec95-4cbc-9d5b-9d68f16763e8,briefs.dance,available,17.99,,high,low,6,name.com,,,
58c80cf5-eb71-48d3-8701-43d6770bbbe6,adonic.dance,available,10.48,36.98,medium,low,6,namecheap,,,
1bcf1c66-570e-48b3-8b31-f99cb01887ed,teamwork.dance,available,17.99,,high,low,8,name.com,,,
3ebbb054-6c32-4a21-ba40-d2d0bb5a56d4,grumpy.dance,available,10.48,36.98,high,low,6,namecheap,,,08/08/2026 07:57
2bc27f61-3629-41bd-bcf0-c87cb906450a,extensive.dance,available,10.48,36.98,high,low,9,namecheap,,,
73565560-e8c6-4f8f-a825-e959037e138c,foto.dance,available,17.99,,high,low,4,name.com,,,
71d28cb5-72e1-4f31-8ecf-3f02446b858c,granddad.dance,available,17.99,,high,low,8,name.com,,,
d003eceb-b2bf-49fa-8062-8d54559b6355,election.dance,available,17.99,,high,low,8,name.com,,,
12fe7f5d-9cc0-451f-96df-345b7806956d,congratulations.dance,available,17.99,,high,low,15,name.com,,,
1878e134-d0a3-44e2-a366-3b922bbb3b53,remain.dance,available,17.99,,high,low,6,name.com,,,
cab6778f-cc2a-47a4-a227-8f052260b6ca,excursion.dance,available,17.99,,high,low,9,name.com,,,
c9c3146b-7186-4981-8bd9-cb9173ca7477,chimney.dance,available,17.99,,high,low,7,name.com,,,
ed3814ad-c619-4bfb-aa21-84619078bd77,soaker.dance,available,10.48,36.98,medium,low,6,namecheap,,,
cacfe728-e63b-4caf-ad6b-d1abd2dd7b13,sperm.dance,available,17.99,,high,low,5,name.com,,,
5fea4743-a62f-4ad6-a5ff-eb95dc64c960,fiercely.dance,available,17.99,,medium,low,8,name.com,,,
ce3f6360-bed5-4fbb-b961-8ea8b4a7871b,really.dance,available,17.99,,high,low,6,name.com,,,
74558c58-21cf-4fd3-b80f-c050f1e79ae0,pleasing.dance,available,17.99,,high,low,8,name.com,,,
51a76e8d-f0dc-49ca-b0ea-56594c2b7e72,jan.dance,available,17.99,,high,low,3,name.com,,,
2dd00bfe-691d-4cef-b987-bb9aefdaefd1,respectful.dance,available,17.99,,high,low,10,name.com,,,
d16a7ad4-d551-41df-a1cf-a0a6a3629719,passcode.dance,available,17.99,,high,low,8,name.com,,,
010991c3-f507-4c38-b556-2a1562ead9ed,briary.dance,available,10.48,36.98,medium,low,6,namecheap,,,08/08/2026 17:02
e1cef730-d256-490a-9af1-dab54a19f069,tardy.dance,available,10.48,36.98,medium,low,5,namecheap,,,09/08/2026 12:42
252b46a8-cb10-4295-8555-76f3fc0acd7a,legend.dance,premium,78.54,78.54,high,low,6,namesilo,,,
42deb58a-44a4-4ac9-80d7-e016d2d8ade3,cadillac.dance,available,17.99,,high,low,8,name.com,,,
f930f2e5-1607-4efa-9846-0f89be432385,airline.dance,available,17.99,,high,low,7,name.com,,,
958449ca-798d-4f8e-822f-3507309dd3dc,alfresco.dance,available,10.48,36.98,high,low,8,namecheap,,,
80660b9a-f8aa-43ec-96bd-5c12e2bc885b,rogue.dance,available,17.99,,high,low,5,name.com,,,
c3d0100a-4b20-40ec-a385-887b6f4753e3,lucrative.dance,available,17.99,,high,low,9,name.com,,,
26bc1011-a5c2-41b8-ab33-b82173c0cf20,qualification.dance,available,17.99,,high,low,13,name.com,,,
9b7947e9-9be4-41d2-94bd-56103f9b68d5,adoptable.dance,available,10.48,36.98,high,low,9,namecheap,,,
44250b1f-7181-4bb2-9b8f-bd757e576a34,lang.dance,available,17.99,,high,low,4,name.com,,,
dcd3701a-34af-4cbb-87c7-0870ed8b4373,thong.dance,available,17.99,,high,low,5,name.com,,,
fad8f6ad-474e-466f-818c-5717defe1311,uml.dance,available,17.99,,high,low,3,name.com,,,
aa338a0b-4711-4322-8dd3-1c9814586ff4,evident.dance,available,10.48,36.98,high,low,7,namecheap,,,06/08/2026 05:13
b1ba88ce-cf3b-4bb2-97da-5185e7481cd7,sneeze.dance,available,17.99,,high,low,6,name.com,,,
a12837ee-e2d0-4fff-a431-4beda5670991,assorted.dance,available,10.48,36.98,medium,low,8,namecheap,,,07/08/2026 07:25
519563d5-2771-485a-b37d-13885c58a125,volkswagen.dance,available,17.99,,high,low,10,name.com,,,
25efa66b-6c4c-4f68-abe8-9d307755327d,kit.dance,available,17.99,,high,low,3,name.com,,,
00c5721b-6a02-4779-8fc2-5caccaf626cb,pardon.dance,available,16.99,27.49,high,low,6,namesilo,,,24/09/2026 22:52
bf84c8b6-d2bd-4b25-ab6a-9d127e03f91c,sham.dance,available,10.48,36.98,medium,low,4,namecheap,,,07/08/2026 08:06
c399e563-47ab-43cb-aae3-812b6658c845,shaper.dance,available,17.99,,high,low,6,name.com,,,
4d37f900-8f1f-4877-ad01-ae5c897e2a49,grey.dance,available,10.48,36.98,high,low,4,namecheap,,,08/09/2026 07:08
d194260b-f62b-48fb-b2f3-b0590766b5c3,babylonian.dance,available,10.48,36.98,high,low,10,namecheap,,,08/08/2026 03:58
6b0df22d-c242-4bcd-85b0-ace8fcb416af,experienced.dance,available,17.99,,high,low,11,name.com,,,
59e317dc-ff6c-42b6-8c02-5105f1eae334,identify.dance,available,17.99,,high,low,8,name.com,,,
7a36edf0-08e4-436c-b854-a9336243836b,purchase.dance,available,17.99,,high,low,8,name.com,,,
43f5012d-09e4-4bb0-bfd2-e8c278cb4887,quantity.dance,available,17.99,,high,low,8,name.com,,,
1a6fdbf8-4827-4516-9ba6-c29ab752ed35,increased.dance,available,17.99,,high,low,9,name.com,,,
8b2b9d96-f47a-4fc4-ab09-6aa22f15a334,proficiency.dance,available,17.99,,high,low,11,name.com,,,
76371dc2-2a4e-4b31-a2cc-ced4ed6037c7,cleaver.dance,available,17.99,,medium,low,7,name.com,,,
c0739d8f-3e9c-4fd7-bf14-eca96ed9ff52,siberian.dance,available,17.99,,high,low,8,name.com,,,
5a0b7ca2-3da5-41f4-af38-312e2213ef80,aired.dance,available,10.48,36.98,high,low,5,namecheap,,,
4ef3148c-3166-42bd-97c7-c60e030e8418,limo.dance,available,17.99,,high,low,4,name.com,,,
1fc06a76-4ab8-48e8-85e1-034878fea023,abortive.dance,available,10.48,36.98,medium,low,8,namecheap,,,
9f360403-1bef-4068-9a26-8ea3de69df46,sophisticated.dance,available,17.99,,high,low,13,name.com,,,
f2a7e8c4-e0f7-4749-a356-d0e3d8427184,streets.dance,available,17.99,,high,low,7,name.com,,,
5b7189b9-f7b3-4346-843e-0116631fcdaf,sevener.dance,available,10.48,36.98,medium,low,7,namecheap,,,
c0af414c-9da6-4de8-89bc-c3439c6376b2,avid.dance,available,10.48,36.98,high,low,4,namecheap,,,07/08/2026 23:21
7acfa62b-1d1f-4ae1-bfad-91af1dc96a83,rhiannon.dance,available,17.99,,high,low,8,name.com,,,
07c295a5-63be-496e-beb9-19c38fb4e175,toying.dance,available,17.99,,high,low,6,name.com,,,
e9ca4356-ff35-42bf-8cd9-c4584102dc36,rudderless.dance,available,10.48,36.98,medium,low,10,namecheap,,,
23591322-6030-4c9c-9c8b-b860a62dccc4,acetic.dance,available,10.48,36.98,medium,low,6,namecheap,,,
8890711d-56f7-4319-872c-64070057e4d3,happily.dance,available,17.99,,high,low,7,name.com,,,
47a5e93f-49d2-4962-8810-c039b2641c05,appetising.dance,available,10.48,36.98,medium,low,10,namecheap,,,06/08/2026 06:50
47e2c060-cb53-4ba7-a059-92b84ee125c5,anger.dance,available,17.99,,high,low,5,name.com,,,
28a7d913-01f2-4289-b0d1-37821bd0d96f,rudimentary.dance,available,17.99,,high,low,11,name.com,,,
87820310-653f-4e1c-9c71-584214859077,window.dance,available,17.99,,high,low,6,name.com,,,
c99e75dd-faee-4786-bf54-32055ef4cc4b,complicate.dance,available,10.48,36.98,high,low,10,namecheap,,,08/09/2026 14:25
f948234a-b5dc-4866-8f18-37a98056169b,veer.dance,available,17.99,,high,low,4,name.com,,,
d4907b9b-f2c1-4fe2-a6b1-b7b79d22d5cd,flood.dance,available,17.99,,high,low,5,name.com,,,
2278e788-08ad-4231-b31c-610be2f77b02,airless.dance,available,10.48,36.98,medium,low,7,namecheap,,,
521b6c07-463e-448d-8d60-6755c53d8e8f,revenue.dance,available,17.99,,high,low,7,name.com,,,
5c92b75c-7757-4934-81e6-da7f525d29ff,jail.dance,available,17.99,,high,low,4,name.com,,,
29a80e35-42fb-465d-a519-eb9d28b1381a,ribbon.dance,available,17.99,,high,low,6,name.com,,,
fab2205a-0395-4b67-8926-6e2d0e0cb44e,round.dance,premium,78.54,78.54,high,low,5,namesilo,,,09/08/2026 05:09
52a1d76c-c427-48d8-850f-e1617f9f29b2,neck.dance,available,17.99,,high,low,4,name.com,,,
035b914f-cc46-466b-ac1d-e444e35285ae,alary.dance,available,10.48,36.98,medium,low,5,namecheap,,,
e74d9f80-4c3e-4334-b1c7-84e8a9070670,azoic.dance,available,10.48,36.98,medium,low,5,namecheap,,,08/08/2026 02:22
9925a2f0-3f49-4237-a968-46ca29da32de,carrying.dance,available,17.99,,high,low,8,name.com,,,
4909e84d-9cf7-4553-8b6a-d32661231a10,appealing.dance,available,10.48,36.98,high,low,9,namecheap,,,06/08/2026 05:51
39b7bf18-02ab-49da-9704-030f2bde7803,antic.dance,available,10.48,36.98,high,low,5,namecheap,,,
38785067-24f1-4e86-8b2d-49dc19b39a76,courtroom.dance,available,17.99,,high,low,9,name.com,,,
9cb34f62-05a3-4bb3-af09-0a495dcbd112,reference.dance,available,17.99,,high,low,9,name.com,,,
fd22139c-ae77-482d-b52f-c3531a0a4a37,azo.dance,available,10.48,36.98,high,low,3,namecheap,,,08/08/2026 02:17
c593c823-1e6f-41fd-9a67-f461e289f7b5,laughter.dance,available,17.99,,high,low,8,name.com,,,
542f90c3-1bde-4380-8934-fd4bce08fa48,defence.dance,available,17.99,,high,low,7,name.com,,,
1fa7f52e-f177-4ce8-a891-a065b2f08a59,mac.dance,available,,,high,low,3,,,,
cbb1a220-7880-45b7-9b83-7ea2e773bf54,grotesque.dance,available,10.48,36.98,medium,low,9,namecheap,,,
3e1dae92-8e57-417c-be65-3ff36165947e,xci.dance,available,10.48,36.98,medium,low,3,namecheap,,,
6fb12200-022b-4265-86f0-c9d5b576e23e,algerian.dance,available,10.48,36.98,high,low,8,namecheap,,,
a6351874-834c-4ff1-9794-e82f5b2a22d5,comprehend.dance,available,17.99,,high,low,10,name.com,,,
c0e34bc4-b76a-44b2-b6d4-ec31bfc1c52e,household.dance,available,17.99,,high,low,9,name.com,,,
e2b3cd5c-1e99-4a48-8d3f-457e6e0d3d9a,affinity.dance,available,,,high,low,8,,,,
c5812796-0382-4cdf-9a51-16fd0fb42d5a,recover.dance,available,17.99,,high,low,7,name.com,,,
58594610-cabf-49f0-b04c-ec1c9eab08e7,monitor.dance,available,17.99,,high,low,7,name.com,,,
591180c6-895c-4747-a4fa-5b904f0fed83,biddable.dance,available,10.48,36.98,medium,low,8,namecheap,,,
d04c4951-2a98-4040-bff4-90a5dc9db33d,weakest.dance,available,17.99,,medium,low,7,name.com,,,
f426cb52-4f80-43bb-a4d0-da1c11ab2e68,skilled.dance,available,17.99,,high,low,7,name.com,,,
1863f399-cd9c-40e2-915e-12bb2b6cb42a,seat.dance,available,10.48,36.98,medium,low,4,namecheap,,,09/08/2026 11:32
571d0dc7-0d0c-41d9-a214-ad7153c31469,hereditary.dance,available,10.48,36.98,high,low,10,namecheap,,,
93cc2eec-8344-4360-bd23-343f7973a827,allies.dance,available,17.99,,high,low,6,name.com,,,
51021c40-d589-4716-b5ea-3399d7fc2634,beardless.dance,available,10.48,36.98,medium,low,9,namecheap,,,09/08/2026 04:43
755d4b15-8aba-4e87-bc32-edb3cc9d5052,mini.dance,available,,,high,low,4,,,,
6c3e931a-c11a-427d-a5df-3820781cd2b8,articular.dance,available,10.48,36.98,high,low,9,namecheap,,,06/08/2026 23:26
8d0852bd-e758-40f7-8d4d-16e3d300ab80,baritone.dance,available,10.48,36.98,medium,low,8,namecheap,,,08/08/2026 19:36
f1cd2c6b-bb8b-43f7-935f-d3e348cfba1c,acyclic.dance,available,10.48,36.98,medium,low,7,namecheap,,,
36ceba85-8671-441d-9001-421dfff13933,apoplectic.dance,available,10.48,36.98,medium,low,10,namecheap,,,06/08/2026 03:29
e43f16dc-d763-41e7-aade-841a256ecea9,ale.dance,available,17.99,,high,low,3,name.com,,,
529bdcc0-a38c-4469-bd30-e73210d95f93,coruscant.dance,available,10.48,36.98,medium,low,9,namecheap,,,
c4c9813c-ed82-4610-a809-26cd0cd7ee25,vomiting.dance,available,17.99,,high,low,8,name.com,,,
78d3cc48-cfc0-4a48-8d0d-ee9127d6d3fb,scrubbed.dance,available,17.99,,high,low,8,name.com,,,
a460c24c-8d7f-40c3-b9c9-600c04c21e39,specific.dance,available,17.99,,high,low,8,name.com,,,
5b2a0b6d-7512-4611-b9f9-403dc89a9ac5,batwing.dance,available,10.48,36.98,medium,low,7,namecheap,,,09/08/2026 01:49
945218ce-a41c-4fc8-b353-43a0a6a73c3e,amerind.dance,available,10.48,36.98,high,low,7,namecheap,,,
28007e42-00e4-465b-a7b1-285c6857cdb6,scented.dance,available,17.99,,high,low,7,name.com,,,
dda861c3-8a88-43a8-8eb2-90ed3835cc98,immense.dance,available,17.99,,high,low,7,name.com,,,
60f91027-6c6d-486a-95da-b2338fec9ab3,collision.dance,available,17.99,,high,low,9,name.com,,,
6da37073-5a0c-47d3-b36b-919eaa538050,topless.dance,available,10.48,36.98,medium,low,7,namecheap,,,08/08/2026 18:33
ce2ab2cf-9cef-49b8-b86c-88182388e505,autologous.dance,available,10.48,36.98,medium,low,10,namecheap,,,07/08/2026 20:37
ace6eb19-4357-4b5c-8a55-a2f4fac79082,dissonant.dance,available,10.48,36.98,medium,low,9,namecheap,,,07/08/2026 12:26
32b23332-a8b5-44f3-8a0e-87ebe46cc166,needle.dance,available,17.99,,high,low,6,name.com,,,
d8a4c2b0-05fb-4070-b145-97661ab7975d,asymptotic.dance,available,10.48,36.98,medium,low,10,namecheap,,,07/08/2026 10:30
3d071d89-a296-4a54-aea1-2e0d6c744ebf,tasking.dance,available,17.99,,high,low,7,name.com,,,
59f17aa1-8c81-4fe9-ae7b-b0fa7f66d9b3,pungent.dance,available,10.48,36.98,high,low,7,namecheap,,,
97da4af0-8de7-4d00-b0b8-c4e201c6cf12,discard.dance,available,17.99,,high,low,7,name.com,,,
76fbad3b-00d5-453f-93b7-4362b3f05fc0,wikimedia.dance,available,,,medium,low,9,,,,
f7792c5c-d8cf-416c-a3bb-a57f2477a9c4,wig.dance,available,17.99,,high,low,3,name.com,,,
34b569f8-8d6c-425a-91d1-c59546f7840d,younger.dance,available,17.99,,high,low,7,name.com,,,
a578bea4-30f0-4a22-810e-a4ed55b707a3,whom.dance,available,17.99,,medium,low,4,name.com,,,
7dc7f5b9-bc92-43ba-937d-6a3a08fe3ed1,nokia.dance,available,,,high,low,5,,,,
03070491-bd2a-4464-9dc3-de8f74d93228,soundlike.dance,available,17.99,,low,low,10,name.com,,,
2e9890e9-fbba-4dce-b660-da49f32fdcfe,adverse.dance,available,10.48,36.98,high,low,7,namecheap,,,
1003e276-bd51-4584-ab83-5e0f3f9d4bc3,bar.dance,premium,38.94,38.94,high,low,3,namesilo,,,
3ea8f681-5456-4a99-a3a2-76a777f80d2b,bahraini.dance,available,10.48,36.98,medium,low,8,namecheap,,,08/08/2026 08:36
31998597-f715-4844-9e86-8a9a8ec05cfe,identical.dance,available,17.99,,high,low,9,name.com,,,
8382216c-07d7-4cfe-8c11-eb572538e6c3,recommendation.dance,available,17.99,,high,low,14,name.com,,,
a4829afe-32bb-45c8-b0d3-626b074d0858,successes.dance,available,17.99,,medium,low,9,name.com,,,
8eeb2112-6db1-4590-8187-3ed39799bce1,basement.dance,available,17.99,,high,low,8,name.com,,,
3ae0ba13-1806-424c-95df-7f500099f5da,sourcecode.dance,available,10.48,36.98,high,low,11,namecheap,,,08/09/2026 07:26
2a4a04a9-52e5-428c-bdd1-8ff3f32a88a0,pete.dance,available,17.99,,high,low,4,name.com,,,
0d37ab7a-b512-4b41-93cd-c935db28812d,supervise.dance,available,17.99,,high,low,9,name.com,,,
451b92e0-1608-43a8-92de-6ab6aa2a2d73,dvd.dance,available,17.99,,high,low,3,name.com,,,
8416c1a0-7cea-4cfb-87a5-0f4f8fde7fa2,pronounce.dance,available,17.99,,high,low,9,name.com,,,
0e1fc88f-2036-4e1b-884a-e88b40537893,aslant.dance,available,10.48,36.98,medium,low,6,namecheap,,,07/08/2026 03:56
f5512dc3-5335-4bcc-825b-6878410dd6bf,turncoat.dance,available,10.48,36.98,medium,low,8,namecheap,,,06/08/2026 03:49
55dffbe8-4666-4c40-98c4-1b37ea358d73,dewy.dance,available,10.48,36.98,medium,low,4,namecheap,,,09/08/2026 06:51
95ac1646-7eba-400b-85f4-b58c7c7c5e52,allergist.dance,available,17.99,,medium,low,9,name.com,,,
7e9a6549-8df7-479a-a039-d20c248f9a7e,lottery.dance,available,17.99,,high,low,7,name.com,,,
7609ffa1-4d75-4f5a-a0c0-d237f5dda157,temperature.dance,available,17.99,,high,low,11,name.com,,,
7dd5030c-64e0-436b-b925-8fecca21daba,distinguished.dance,available,17.99,,high,low,13,name.com,,,
9708199f-a8ef-427c-b194-e97d039f83c7,die.dance,available,17.99,,high,low,3,name.com,,,
09c9f0de-feb4-4837-996c-b5775c136b68,damascus.dance,available,17.99,,high,low,8,name.com,,,
c18352bc-f800-41ff-a22f-eace1750a567,resignation.dance,available,17.99,,high,low,11,name.com,,,
1f1eda2d-0eec-4a08-b389-59939b89dd4a,relating.dance,available,17.99,,high,low,8,name.com,,,
710e88cd-1a72-40f7-889f-d5f71fc37d55,talks.dance,available,17.99,,high,low,5,name.com,,,
b03ba822-b345-43c2-920f-5a6d86155f21,cowboy.dance,available,17.99,,high,low,6,name.com,,,
02cfb4aa-9dc0-4004-a104-fee6d2d3026f,fraud.dance,available,17.99,,high,low,5,name.com,,,
e71d0adf-dcae-4328-adcb-b45d833249d2,hater.dance,available,17.99,,medium,low,5,name.com,,,
d3e0d3b4-7f68-4d80-ab52-cd33be5fcc7c,industrialize.dance,available,17.99,,medium,low,13,name.com,,,
8116e508-641a-406b-ad89-a769ae166906,style.dance,available,,,high,low,5,,,,
a77525e6-dd19-4eea-a011-26edc0fccbf2,scarface.dance,available,17.99,,high,low,8,name.com,,,
1c7ca915-5e7b-4aa3-9ef4-d9ea4f64fd28,amok.dance,available,10.48,36.98,high,low,4,namecheap,,,
a453d3f5-d831-4e2b-adb0-edaac2b3e7b2,bavarian.dance,available,10.48,36.98,high,low,8,namecheap,,,09/08/2026 02:00
73e346ee-4cca-4cdf-b720-0ddf8c0b548f,oslo.dance,available,17.99,,high,low,4,name.com,,,
f70e4d0b-ae65-4c32-aa1e-33430aba1811,people.dance,available,,,high,low,6,,,,
0b5af90a-0222-43e6-a6ed-e93a1425ae2f,consumer.dance,available,17.99,,high,low,8,name.com,,,
a519c886-5b42-4063-b0b2-dd328c7f2761,newton.dance,available,17.99,,high,low,6,name.com,,,
71e862f7-ed52-4cba-9fd9-b97ba4169303,shape.dance,available,17.99,,high,low,5,name.com,,,
cd6564c8-d6ef-4890-85f8-8757b29a6a07,unlocking.dance,available,17.99,,high,low,9,name.com,,,
304e4900-244e-49b7-9004-be4397987600,francisca.dance,available,17.99,,high,low,9,name.com,,,
92711db7-174c-41d8-a76a-78933956f08c,week.dance,available,17.99,,high,low,4,name.com,,,
c224c14a-56e0-4a60-9829-ba14d6dc7c9e,flu.dance,available,17.99,,high,low,3,name.com,,,
7dbce3d9-1cb2-48c6-8215-8746c3d994da,laura.dance,available,17.99,,high,low,5,name.com,,,
038d1580-4adc-4ad2-be64-2842e9f624ab,consultive.dance,available,,,medium,low,10,,,,
6bb92c98-0a4c-4f72-a1d5-d347207f2207,bashful.dance,available,10.48,36.98,high,low,7,namecheap,,,08/08/2026 22:01
d358a9b0-36b4-40a8-9a4e-0730522f4e24,eonian.dance,available,10.48,36.98,medium,low,6,namecheap,,,
c07241f9-4b85-4eca-bc41-33e844133bb4,deviate.dance,available,10.48,36.98,high,low,7,namecheap,,,
73008c14-d12f-423b-b769-c1785c75d49f,oak.dance,available,17.99,,high,low,3,name.com,,,
ddfe90a1-54cc-4d17-a29d-5b4eac7b5432,parent.dance,available,17.99,,high,low,6,name.com,,,
ba7bfca0-8cb1-4418-a851-f0d99284b4f7,fail.dance,available,17.99,,high,low,4,name.com,,,
07bb406d-4121-4ec4-bf3d-71947d1397d1,loosely.dance,available,17.99,,medium,low,7,name.com,,,
14f9da55-39c6-4bec-815a-38fdc8d5129f,balletic.dance,available,,,high,low,8,,,,
070d0a36-77f8-4275-ab0d-b73c25d752aa,voting.dance,available,17.99,,high,low,6,name.com,,,
306235ac-d607-4da5-aaf0-d033d0d32767,footballer.dance,available,17.99,,high,low,10,name.com,,,
ee795a8a-75c0-471e-a2f2-975704671c30,ham.dance,available,17.99,,high,low,3,name.com,,,
48d27115-26ef-4ef5-86e5-8b1242f3e66d,critique.dance,available,17.99,,high,low,8,name.com,,,
3fae13a4-695c-47f6-8c65-78a19a1d2aba,unfounded.dance,available,10.48,36.98,medium,low,9,namecheap,,,08/08/2026 21:57
eb0a02e7-83ca-4b30-af1f-12bbffe0f159,measure.dance,available,17.99,,high,low,7,name.com,,,
1188c446-4964-4af6-9ed2-01879148ac8c,oyster.dance,available,17.99,,high,low,6,name.com,,,
cd132d73-a047-4912-9e7d-fcdc97bcc871,objects.dance,available,17.99,,medium,low,7,name.com,,,
bc662839-4429-4431-8f3d-52f8f9ebf515,anionic.dance,available,10.48,36.98,medium,low,7,namecheap,,,
be832319-7ac5-44a0-bf52-c8cab233cc5d,punch.dance,available,17.99,,high,low,5,name.com,,,
27ad5689-7252-4c74-9ee9-2b0694997e8b,buttons.dance,available,17.99,,high,low,7,name.com,,,
7827964d-84ef-46c2-b2ff-94273b0e0313,passionately.dance,available,17.99,,high,low,12,name.com,,,
2c8d2578-0502-4031-8af0-c49240e34d25,temple.dance,available,,,high,low,6,,,,
ac138415-ad4e-45a2-b34b-278f58e7dc5f,fence.dance,available,17.99,,high,low,5,name.com,,,
d65dae26-8402-4c56-97ae-9e00f1daf5be,phrase.dance,available,17.99,,high,low,6,name.com,,,
8a2313dc-b173-4483-ad30-162c263fa8d2,diplomate.dance,available,17.99,,high,low,9,name.com,,,
35fe94d8-d4a9-4593-a0c3-9bfc4cc07749,upward.dance,available,17.99,,high,low,6,name.com,,,
540c127e-b550-4b86-a5df-2578f6ea86c2,recognition.dance,available,17.99,,high,low,11,name.com,,,
fa7781f9-e011-4bda-8378-845e5f911c1d,crap.dance,available,17.99,,high,low,4,name.com,,,
37282712-1139-454c-89b2-d2f6862f1bba,asshole.dance,available,10.48,36.98,medium,low,7,namecheap,,,08/08/2026 23:24
0ebfc8df-3507-4267-a0a5-d280de7214d6,agape.dance,available,10.48,36.98,high,low,5,namecheap,,,
a72dd7bb-4f79-4d25-8325-292ff4a59d66,approving.dance,available,10.48,36.98,high,low,9,namecheap,,,06/08/2026 08:49
696cb859-956c-465f-a777-3b77143adeff,drawing.dance,available,17.99,,high,low,7,name.com,,,
707367ce-6b4e-46a7-9a3f-a2d1d106ef0a,parents.dance,available,17.99,,high,low,7,name.com,,,
27bf089c-8516-4e0d-a802-e78083c3be45,nation.dance,available,17.99,,high,low,6,name.com,,,
6c71f000-88eb-4f79-a010-737136e107cf,fatuous.dance,available,10.48,36.98,low,low,7,namecheap,,,07/08/2026 02:39
ac993187-5cf9-4f4c-8c1e-e22c2f175bb0,icu.dance,available,17.99,,high,low,3,name.com,,,
166d73f8-b26e-44e1-a95a-cf70faa5b4a7,bang.dance,available,16.99,27.49,high,low,4,namesilo,,,24/09/2026 22:50
2d199f64-9090-44f1-831b-b203d65da3d7,christ.dance,available,17.99,,high,low,6,name.com,,,
102d6d7f-9ff6-4ffe-8472-a67ec5a3dade,apparent.dance,available,10.48,36.98,high,low,8,namecheap,,,06/08/2026 05:08
bc6054c4-6ac2-4058-9a54-980da4b51805,woman.dance,premium,118.8,118.8,high,low,5,namesilo,,,
88850ab6-3e30-4893-8d31-b17d5b8c7184,baric.dance,available,10.48,36.98,low,low,5,namecheap,,,08/08/2026 19:31
b4d9653c-13c8-48fd-8205-e2250f011da7,absurd.dance,available,10.48,36.98,high,low,6,namecheap,,,
49bcd216-ad48-45ab-a3d5-cbceb2636076,merely.dance,available,17.99,,high,low,6,name.com,,,
8cb2f803-c277-4610-81e3-a0ee056e7b02,tilted.dance,available,10.48,36.98,high,low,6,namecheap,,,07/08/2026 13:29
d9b6f411-b39d-455c-97a7-db8fb0946d50,outer.dance,available,17.99,,high,low,5,name.com,,,
c7f9adf6-1048-4408-b5ea-944335acba83,resolved.dance,available,17.99,,high,low,8,name.com,,,
d4e3c2a4-2385-4fae-91fc-0a5078cda2f0,ideally.dance,available,17.99,,high,low,7,name.com,,,
efe6544a-8943-4574-a4e6-bb1a273307a7,extraordinary.dance,available,17.99,,high,low,13,name.com,,,
8375626b-356e-40d2-ac16-03b27d318e39,prescription.dance,available,17.99,,high,low,12,name.com,,,
0e74e91b-e047-41fd-8c6f-82c844cb41dd,casket.dance,available,17.99,,high,low,6,name.com,,,
8b21ae18-b4df-42f1-a4f3-59b908cc0f47,restless.dance,available,17.99,,high,low,8,name.com,,,
f6711acf-87d3-4174-8d1b-e137c416e221,customer.dance,available,17.99,,high,low,8,name.com,,,
aee3d625-3a81-42e4-86fc-892f09e36e12,awny.dance,available,10.48,36.98,medium,low,4,namecheap,,,08/08/2026 01:25
b1911468-a5b6-49c4-bace-88d09530c84f,smell.dance,available,17.99,,high,low,5,name.com,,,
2450850f-7f7c-42dd-b2a3-2cfb23a9c331,lxiii.dance,available,10.48,36.98,medium,low,5,namecheap,,,
658efef7-3768-4231-b018-eb33aafd59a5,she.dance,premium,118.8,118.8,high,low,3,namesilo,,,
fea5cf56-2d35-499b-ad2c-13c1c817e3bb,commend.dance,available,17.99,,high,low,7,name.com,,,
74b3d032-ea44-4ba3-8793-f55b2c35df34,regardless.dance,available,17.99,,high,low,10,name.com,,,
2bf185e5-6ab2-4c93-a558-34ed6eb539ff,surprised.dance,available,17.99,,high,low,9,name.com,,,
62c2a327-f085-42b8-812c-f10c1b65bf0d,chanukkah.dance,available,17.99,,medium,low,9,name.com,,,
280b7ac6-6af2-4a7d-83b3-b6c136ef7e99,fist.dance,available,17.99,,high,low,4,name.com,,,
0eebada5-41d2-4ee6-846e-bb7b6869884e,argentine.dance,available,,,high,low,9,,,,
0989d5e1-9c3a-4887-ac7c-1ddee95f7719,gotten.dance,available,17.99,,high,low,6,name.com,,,
6b2a5f65-f312-452f-be9a-932224aa3215,roar.dance,available,17.99,,high,low,4,name.com,,,
086bcbc8-ae64-41e5-b36c-628b70a68fbe,per.dance,available,17.99,,high,low,3,name.com,,,
eb89da32-ce01-4bc0-b105-10c0e4455be7,harrowing.dance,available,10.48,36.98,medium,low,9,namecheap,,,
b7cd6aaa-0cb3-46d0-8ea9-02dee840c72a,sise.dance,available,10.48,36.98,medium,low,4,namecheap,,,
aafe1ab5-9133-4403-afda-2bcdc2a06571,dslr.dance,available,17.99,,high,low,4,name.com,,,
a3c444e9-f401-45d0-89b5-5462c9a41841,spectral.dance,available,10.48,36.98,high,low,8,namecheap,,,06/08/2026 05:38
90df962d-b6e7-4f26-87e3-42f10f91d975,ascendant.dance,available,10.48,36.98,high,low,9,namecheap,,,
7081b344-4937-45f8-905a-8e5a2106cd25,eolian.dance,available,10.48,36.98,medium,low,6,namecheap,,,
ca3bac32-0579-42ec-bf39-bcbb2501feb1,brutal.dance,available,10.48,36.98,high,low,6,namecheap,,,08/08/2026 15:45
4db6070e-1059-4de6-8189-a54cfaa80f71,anaemia.dance,available,17.99,,medium,low,7,name.com,,,
1eaf5fd1-15d0-4b33-b105-e68cc481167e,sounded.dance,available,17.99,,medium,low,7,name.com,,,
a6b29fff-62a4-4b05-a9cf-a8c9846abf23,thorny.dance,available,10.48,36.98,medium,low,6,namecheap,,,08/08/2026 17:55
24c6e9c2-82cf-4904-8e88-406257ad2524,represent.dance,available,17.99,,high,low,9,name.com,,,
6f22f9f9-7ab7-4129-98ed-5af55e67c76e,adieu.dance,available,17.99,,high,low,5,name.com,,,
660d8c34-c1d3-4d82-bb58-8d24caf11709,original.dance,available,17.99,,high,low,8,name.com,,,
60b1d575-1199-48db-aa8d-47f05a66d5e4,discussion.dance,available,17.99,,high,low,10,name.com,,,
27861b17-58ad-4162-87fe-374c2fa8abc0,humorous.dance,available,17.99,,high,low,8,name.com,,,
a9b45d63-f5eb-4049-b753-14517fe75510,antitoxic.dance,available,10.48,36.98,medium,low,9,namecheap,,,05/08/2026 19:55
9f463c3c-c0e4-4460-9ce0-03d85a393b0c,philippines.dance,available,,,high,low,11,,,,
c5b08644-fa4a-43f4-b792-d9efae3bda4d,reply.dance,available,17.99,,high,low,5,name.com,,,
b27563f7-3ca3-4789-96ea-d74e8e05c968,burred.dance,available,10.48,36.98,medium,low,6,namecheap,,,08/08/2026 17:23
23153c78-7359-4229-9df7-d1058163d1ec,twist.dance,available,17.99,,high,low,5,name.com,,,
74e8aeb1-d78f-4e1d-bde7-e420aff58ebc,diving.dance,available,17.99,,high,low,6,name.com,,,
235582f0-968e-4041-a96c-ef4081efd147,slacking.dance,available,17.99,,medium,low,8,name.com,,,
62433615-b998-4b0d-84b9-ba44e096fe3e,wastebasket.dance,available,17.99,,high,low,11,name.com,,,
5cd6c35f-f73b-4a86-893d-944432e38acd,playdate.dance,available,17.99,,high,low,9,name.com,,,
f764587c-598d-4cea-9be2-8bd19033a9e7,abducent.dance,available,10.48,36.98,high,low,8,namecheap,,,
b54b07a3-1974-4c95-895d-b3b14e9fe0e5,disregarded.dance,available,17.99,,medium,low,11,name.com,,,
404c4003-0c4f-4f14-9d03-0f6c4c22265f,identified.dance,available,17.99,,high,low,10,name.com,,,
68adce99-c641-4206-965b-bbf3b5311b35,antiblack.dance,available,10.48,36.98,low,low,9,namecheap,,,
723a55be-183e-4bb9-b188-201fa58da715,recumbent.dance,available,10.48,36.98,medium,low,9,namecheap,,,
4ce70353-1fff-4eef-b00c-cec915c0ecd5,bucolic.dance,available,10.48,36.98,high,low,7,namecheap,,,06/08/2026 14:14
0974d57d-614a-4b61-a098-7af8cf03f37f,richmond.dance,premium,118.8,118.8,high,low,8,namesilo,,,
233d818a-18ee-4198-b839-d751563ecf65,dilute.dance,available,10.48,36.98,high,low,6,namecheap,,,
38203341-0040-4f35-8c38-356b22d535d4,mid.dance,available,17.99,,high,low,3,name.com,,,
cc9cf217-103e-42e7-b949-de35377c2d5e,curry.dance,available,17.99,,high,low,5,name.com,,,
396c177d-1cc3-448f-9dd6-6345fe4dbd27,traveller.dance,available,17.99,,high,low,9,name.com,,,
eeb008cd-1ad1-47a3-9ed3-532b79a87b4e,swastika.dance,available,17.99,,medium,low,8,name.com,,,
da0dd685-5171-43f7-9698-67cf9753c10e,unused.dance,available,17.99,,medium,low,6,name.com,,,
283be6cb-bf76-495c-9c84-9f62fee1f93a,bahreini.dance,available,10.48,36.98,medium,low,8,namecheap,,,08/08/2026 08:41
6a77ea77-fc03-4d97-86f7-c24647ec4509,keeping.dance,available,17.99,,high,low,7,name.com,,,
ca0d58c9-136c-41fb-9a34-116c93f1596d,universe.dance,available,17.99,,high,low,8,name.com,,,
33ad2dca-15cf-4827-8663-2c0c48abcb2d,patent.dance,available,10.48,36.98,high,low,6,namecheap,,,06/08/2026 05:19
e949011e-83a2-4e1d-bac6-4cffb5e735e6,resort.dance,available,17.99,,high,low,6,name.com,,,
02eb297c-df1a-4d7f-a4f5-73e461c9af13,nostrils.dance,available,17.99,,medium,low,8,name.com,,,
01dcc9ff-17b2-4b90-9327-e7142ef5042a,afterward.dance,available,10.48,36.98,medium,low,9,namecheap,,,
06263781-1e8b-4eb7-8459-08d1a3b7be25,peacock.dance,available,,,high,low,7,,,,
b33dfd02-e634-49be-b6a1-829673b7a9f4,boost.dance,available,17.99,,high,low,5,name.com,,,
59a63dd4-e4d9-43c5-a242-50a9bf885b42,sixth.dance,available,10.48,36.98,high,low,5,namecheap,,,
41bb681c-f996-4b79-ab1f-ec52ac6deb90,our.dance,premium,118.8,118.8,high,medium,3,namesilo,,,
8b8d716b-c474-4000-a876-6ccc12a09b79,revealing.dance,available,17.99,,high,low,9,name.com,,,
e7b13af7-2665-4f3e-81ed-fdc464bdc4f9,accommodate.dance,available,17.99,,high,low,11,name.com,,,
428296c8-e1a4-41f8-a199-fb30c66dacfc,participant.dance,available,17.99,,high,low,11,name.com,,,
49a39c8d-91a8-4eea-a186-d51460880f60,mouth.dance,available,10.48,36.98,high,low,5,namecheap,,,08/09/2026 03:51
de0ff03e-b80c-43b5-94b4-f6ba73ab47e9,contralto.dance,available,10.48,36.98,high,low,9,namecheap,,,
4b2dceb2-93de-43c4-bade-6c419e43ba4a,modest.dance,available,17.99,,high,low,6,name.com,,,
427479a9-2182-44c2-b93e-307791a3925b,concussion.dance,available,17.99,,high,low,10,name.com,,,
aad127e2-1efc-4d06-bcb0-47238fdb4c9d,conscience.dance,available,17.99,,high,low,10,name.com,,,
044ae7e7-9288-4c46-b1d1-8b0fd9020490,fanta.dance,available,17.99,,high,low,5,name.com,,,
1e63b26b-21cb-4a31-8986-84ca8d240591,summit.dance,available,17.99,,high,medium,6,name.com,,,
fd71f694-c31b-4bb9-9394-275d42421a89,beach.dance,available,17.99,,high,low,5,name.com,,,
a7fe6f1b-9296-4a31-98f7-f66835f188da,cleaner.dance,available,17.99,,high,low,7,name.com,,,
511a2254-c523-4271-ae75-1ce3adad5466,altissimo.dance,available,10.48,36.98,medium,low,9,namecheap,,,
376e67fa-3dc2-4cf1-9c73-9773da4733b6,interested.dance,available,17.99,,high,low,10,name.com,,,
2a1e9006-fdc9-40a5-afbd-4fc02823047d,valueable.dance,available,17.99,,medium,low,9,name.com,,,
9e6c8c18-0703-4dcc-805a-afcfcfc13e9c,pamper.dance,available,17.99,,high,low,6,name.com,,,
238828fc-701d-4fc7-bd28-b9219a71fb71,resultant.dance,available,10.48,36.98,high,low,9,namecheap,,,
523972f8-7bf1-4c42-89bb-255f0127b25c,quarter.dance,available,17.99,,high,low,7,name.com,,,
e76b3690-9724-4335-997c-1cd9a93c9db7,acquirable.dance,available,10.48,36.98,medium,low,10,namecheap,,,
f0c9aba7-9252-44d8-ab94-92c76bef052e,bothersome.dance,available,10.48,36.98,medium,low,10,namecheap,,,
2eca173c-8586-42ca-bf24-4f9385349421,anesthetic.dance,available,10.48,36.98,high,low,10,namecheap,,,
4f9b0c13-7264-4e60-8f5c-af7dafe2e9b0,seek.dance,available,17.99,,high,low,4,name.com,,,
a01a9ecc-0d9f-42c6-90a6-3c184772f7bb,marvel.dance,available,17.99,,high,low,6,name.com,,,
d4451f2e-009d-462a-9a7a-be47495ab647,minecraft.dance,available,,,high,low,9,,,,
3286345b-56b7-4de0-9c5b-7f4ad26cfe19,rely.dance,available,17.99,,high,low,4,name.com,,,
33a34c38-2d41-4f4e-a117-a7850467e99a,rustic.dance,available,10.48,36.98,high,low,6,namecheap,,,
8b2fdc69-cda8-44dd-b063-bda4ab4812f1,carriage.dance,available,17.99,,high,low,8,name.com,,,
dfef0fe4-226b-46cc-be93-bdd3be7a7492,hub.dance,available,,,high,medium,3,,,,
d7f2fe12-9bb6-4b3d-82ad-943d20f8f279,glittering.dance,available,10.48,36.98,high,low,10,namecheap,,,
94b46a93-6ecf-410f-b2eb-86297f2e2a77,oreo.dance,available,17.99,,high,low,4,name.com,,,
d32f8055-9b41-43a2-8066-41227b538ddf,gram.dance,available,17.99,,high,low,4,name.com,,,
4ee9cf8d-e9ee-4c4f-94b1-b6453fa1205e,greatly.dance,available,17.99,,high,low,7,name.com,,,
d10a63a8-8198-47f6-934f-12ff93be89b9,atrip.dance,available,10.48,36.98,low,low,5,namecheap,,,07/08/2026 14:33
1b75dd1e-65e1-450e-bc58-1b92b2f5ac0a,affected.dance,available,10.48,36.98,high,low,8,namecheap,,,
e68cf480-84de-43b4-9318-15ceb57652c5,useless.dance,available,17.99,,high,low,7,name.com,,,
11ec8b00-70fb-4653-9e00-fca6b8a35bc4,circuit.dance,available,17.99,,high,low,7,name.com,,,
8136da43-f662-4de2-915d-7e0eca1dd0f1,intent.dance,available,10.48,36.98,high,low,6,namecheap,,,
6edbb145-4da6-4993-9f10-b30f052cad2e,secondly.dance,available,17.99,,medium,low,8,name.com,,,
7f78bd6f-82d4-4d50-bc59-55ae862cfe30,montreal.dance,premium,123.75,,high,low,8,name.com,,,
92324fcf-5d3a-49a5-8492-443c12dad4c0,analogue.dance,available,10.48,36.98,high,low,8,namecheap,,,
68078742-1ea8-4d63-b785-1fc05a39b2b6,rooms.dance,available,17.99,,high,low,5,name.com,,,
56918ccd-c218-4a91-9022-96facb4884e5,arse.dance,available,10.48,36.98,medium,low,4,namecheap,,,09/08/2026 10:35
ce8f38c7-f112-4c24-8058-4e587e134e43,sit.dance,available,17.99,,high,low,3,name.com,,,
9657139d-4dfa-429f-bcac-d5c2106763d8,anatropous.dance,available,10.48,36.98,medium,low,10,namecheap,,,
cb66603f-8c1b-4756-92d9-283f7079e6ad,franks.dance,available,17.99,,high,low,6,name.com,,,
f9857fd9-8fd8-44f7-94f2-bb9c973820bd,allowed.dance,available,17.99,,high,low,7,name.com,,,
139cd607-f3f5-4186-8e46-a10bfbdb7781,groundless.dance,available,10.48,36.98,medium,low,10,namecheap,,,08/08/2026 21:49
94f26b16-70ee-472f-9601-20317630fbfa,dorsal.dance,available,10.48,36.98,high,low,6,namecheap,,,
3133a780-74d6-4a74-9c1c-93e52c63b943,monthly.dance,available,17.99,,high,low,7,name.com,,,
66b9f4fc-0060-4345-80af-beda8d681a67,pocket.dance,resell,,,high,medium,6,"GoDaddy.com, LLC",31/12/2020 04:37,31/12/2026 04:37,
a49d7b97-c7f3-4473-a77f-c45414f919c2,spam.dance,available,17.99,,high,low,4,name.com,,,
1f24b042-3248-4825-938b-4b8e712fb4f6,omnipotent.dance,available,10.48,36.98,high,low,10,namecheap,,,
c8e55022-954c-4cdb-97e5-c501b56265db,perform.dance,premium,118.8,118.8,high,low,7,namesilo,,,
71a0c77d-dc3d-4a38-b3ce-53d6e60e2114,sensitive.dance,available,17.99,,high,low,9,name.com,,,
48952969-7cd2-4546-93fd-4b806d0e8e83,devote.dance,available,17.99,,high,low,6,name.com,,,
cb087d19-630d-413e-8e54-8e489400e997,abreast.dance,available,10.48,36.98,high,low,7,namecheap,,,
d8265988-3239-42c7-b49b-a7111d25024a,protective.dance,available,17.99,,high,low,10,name.com,,,
47575fc7-25bf-4865-b661-1e6b11075358,prone.dance,available,17.99,,high,low,5,name.com,,,
777dea05-2c96-47e3-9a41-66c71ce6c783,holding.dance,available,17.99,,high,low,7,name.com,,,
a1e9c090-4460-4ff2-b56a-5006d038dc88,wisdom.dance,available,17.99,,high,low,6,name.com,,,
722dc1b8-24c1-47fe-927a-f43ec21f4c36,cairo.dance,premium,118.8,118.8,high,low,5,namesilo,,,
7fd592af-f0d6-4352-86e8-b564221ca058,analyze.dance,available,17.99,,high,low,7,name.com,,,
0a04f461-5282-46a1-993e-90860ea0306f,blistering.dance,available,10.48,36.98,high,low,10,namecheap,,,
2f9af57c-855e-45d6-8de5-f55210e4a247,annotated.dance,available,17.99,,high,low,9,name.com,,,
8629a9a6-dbd8-4b66-a672-d51418b23faf,that.dance,resell,,,high,low,4,"GoDaddy.com, LLC",31/12/2020 04:36,31/12/2026 04:36,
4282b7cf-a163-4fec-a582-265acc701f78,reversed.dance,available,17.99,,high,low,8,name.com,,,
b12fa58e-2ec9-4086-ad70-e3693465adf7,outcome.dance,available,17.99,,high,low,7,name.com,,,
df6bc69b-0ad6-4e8a-b3a0-fe4c83ce7b3f,smoke.dance,available,17.99,,high,low,5,name.com,,,
e9e40975-ee61-400d-a8da-4ef577a995ab,yes.dance,premium,242,242,high,medium,3,namesilo,,,24/09/2026 22:41
017d4569-feff-4855-b239-bb2479f089b9,apologetic.dance,available,10.48,36.98,high,low,10,namecheap,,,06/08/2026 02:07
0548f8a9-57e2-430e-985a-86de7ee56f4e,estival.dance,available,10.48,36.98,medium,low,7,namecheap,,,
fb565fee-6d34-4333-b528-956d21e724a0,identifier.dance,available,17.99,,high,low,10,name.com,,,
b4d4618f-8b73-46f2-8c5c-8094ce23fe43,grownup.dance,available,10.48,36.98,high,low,7,namecheap,,,
b3022092-1db0-4638-a182-0d1c6a77dc18,young.dance,premium,242,242,high,low,5,namesilo,,,
34cb6d99-072f-403e-89bd-10ed426c1aeb,regret.dance,available,17.99,,high,low,6,name.com,,,
962c3702-aaf7-482d-8dfe-87e235e5aff7,belated.dance,available,10.48,36.98,medium,low,7,namecheap,,,09/08/2026 12:37
5de97076-48b5-4e21-a86c-86db91d16023,sentence.dance,available,17.99,,high,low,8,name.com,,,
dd4822f2-e4cd-4ee3-b3ea-309b2b78dad5,assigned.dance,available,10.48,36.98,medium,low,8,namecheap,,,07/08/2026 06:35
60d3c32c-befa-4184-9796-8dd4826d0b5f,effect.dance,available,17.99,,high,low,6,name.com,,,
d80e487e-236b-470d-9a10-7de74f3ff560,travelled.dance,available,17.99,,high,low,9,name.com,,,
381a1301-59b0-4bcf-93c0-389d384ae5b2,theft.dance,available,10.48,36.98,high,low,5,namecheap,,,08/09/2026 07:55
a03feb13-7e45-481a-bc83-6cd48fb16dee,wrestling.dance,available,17.99,,high,low,9,name.com,,,
db4754eb-78d5-44e6-aaf1-dc88c7d69416,hazard.dance,available,17.99,,medium,low,6,name.com,,,
12a60d07-575b-41b2-badd-f4744ae4250e,controversial.dance,available,17.99,,medium,low,13,name.com,,,
a7e2530b-1588-4c3c-bffb-66b68eb06476,cannot.dance,available,17.99,,high,low,6,name.com,,,
43f46059-407c-4346-a17b-c6d07be85300,confounded.dance,available,10.48,36.98,medium,low,10,namecheap,,,07/08/2026 11:57
5b2bdd8e-6ccd-49f0-b325-6e8e96fb3308,wages.dance,available,17.99,,high,low,5,name.com,,,
e1f6112a-fbdf-4f17-8dfb-e3c4c7f9f984,panther.dance,available,17.99,,high,low,7,name.com,,,
efe072cf-ea5d-46d6-a09c-93c4a99d4186,pretending.dance,available,17.99,,high,low,10,name.com,,,
8039f9a0-bb6f-4139-a7ac-6a6f03332f9c,brie.dance,available,17.99,,high,low,4,name.com,,,
9cc74969-e6be-4c10-88e4-6ff281261813,combative.dance,available,10.48,36.98,high,low,9,namecheap,,,
11cb4f45-9985-4d21-b2db-8cb29c886fdf,rising.dance,available,10.48,36.98,high,low,6,namecheap,,,
26bb7af6-56ba-436e-b620-fbb0788f85aa,alkaloidal.dance,available,10.48,36.98,medium,low,10,namecheap,,,
e46b942b-806a-4b5e-94d2-438110b5dc62,laundry.dance,available,17.99,,high,low,7,name.com,,,
878d7d73-c0c3-4300-97a0-efd3aeda75bd,ellen.dance,premium,118.8,118.8,high,low,5,namesilo,,,
7133f35d-4e4e-4164-b770-d27a6ae485fa,received.dance,available,17.99,,high,low,8,name.com,,,
cd3b2419-7652-4f6b-87c3-f5b97270683d,painkiller.dance,available,10.48,36.98,high,low,10,namecheap,,,
738dac0f-a45b-457b-88a9-aa8a96736ec9,beside.dance,available,17.99,,high,low,6,name.com,,,
1c17d018-ac1e-4076-944c-7187f976250a,economy.dance,available,10.48,36.98,high,low,7,namecheap,,,08/09/2026 12:29
6f52848e-d71f-4c70-b502-42096a29254f,xoxoxo.dance,available,17.99,,high,low,6,name.com,,,
28c98bdf-3a87-4620-85ce-ae255ef2bdd2,vicious.dance,available,10.48,36.98,medium,low,7,namecheap,,,08/08/2026 16:00
6b3d4cc9-b3e5-4f23-a110-1a3ce6133bd0,consequent.dance,available,10.48,36.98,high,low,10,namecheap,,,
74e83004-3ce4-46a2-9ab0-e19f450486b4,bye.dance,available,17.99,,high,low,3,name.com,,,
7f1fb008-870e-4045-bad1-50ab56cfb416,interact.dance,available,17.99,,high,low,8,name.com,,,
b146fce9-6f8e-4eb7-97e3-053c01b8f5bf,upc.dance,available,17.99,,high,low,3,name.com,,,
c89e63a9-22d2-4e34-80ab-e6649b370768,might.dance,available,17.99,,high,low,5,name.com,,,
a7cbc727-fa4c-4df1-94c7-79421bdd76aa,shove.dance,available,17.99,,high,low,5,name.com,,,
9229d5de-57e1-4ddb-90c9-4eeaeffbd5d5,leave.dance,available,17.99,,high,low,5,name.com,,,
bb9af1d1-038f-4ec3-a498-4fa0560af600,abused.dance,available,10.48,36.98,high,low,6,namecheap,,,
43f02772-4f0e-4c2f-a0ce-07a368644666,drippy.dance,available,10.48,36.98,medium,low,6,namecheap,,,09/08/2026 00:32
ec233e45-1211-485d-bb96-9e4d43ede1ee,kgb.dance,available,17.99,,high,low,3,name.com,,,
480f9cac-53db-45a4-8968-9c0af5598dbe,lxxxi.dance,available,10.48,36.98,medium,low,5,namecheap,,,
78aba94c-7f2f-4071-a202-95e48724ada5,aneroid.dance,available,10.48,36.98,medium,low,7,namecheap,,,
a232c706-ed60-45a7-95a0-6c3a32b2fed1,iso.dance,available,,,high,low,3,,,,
01cabbf3-1d4a-49ed-93da-efd8100bae44,distance.dance,available,17.99,,high,low,8,name.com,,,
b85e7047-7ce1-435a-b91b-b3b19c12a214,property.dance,available,17.99,,high,low,8,name.com,,,
09cb42f1-13de-4387-80ac-0e445b68eb32,accusive.dance,available,10.48,36.98,low,low,8,namecheap,,,
b5618edb-eaa7-4a69-9726-e12f10516e64,junction.dance,available,10.48,36.98,high,low,8,namecheap,,,08/09/2026 09:48
9eadf9ae-72ac-40dc-8022-1a450860c687,living.dance,available,17.99,,high,low,6,name.com,,,
d30e93ce-c083-4693-9417-485f46f4d484,concern.dance,available,17.99,,high,low,7,name.com,,,
413e044c-aa82-404d-9cfd-3ab4ce453319,cipher.dance,available,10.48,36.98,high,low,6,namecheap,,,08/09/2026 15:11
660631a3-f8df-4aef-ba05-9e457fa18302,feel.dance,premium,118.8,118.8,high,low,4,namesilo,,,24/09/2026 23:00
e6c813df-1644-416b-8487-de20835e57d0,ladder.dance,available,17.99,,high,low,6,name.com,,,
2e496320-1cd6-4ff6-85f7-f161bedc02d7,bloodstream.dance,available,17.99,,high,low,11,name.com,,,
79f3cb88-7073-4477-a6c3-3e521c2ac58f,mantra.dance,available,17.99,,high,low,6,name.com,,,
879ace86-38bc-45b9-ab6f-16e6075de177,divide.dance,available,17.99,,high,low,6,name.com,,,
d1cb9096-63fd-4d49-9533-b9b0f1e4d946,affined.dance,available,10.48,36.98,medium,low,7,namecheap,,,
cd301fcd-ee46-401c-adbd-b78a00ad7f51,keys.dance,available,17.99,,high,medium,4,name.com,,,
e06c77e5-8fae-4aea-b620-7d8c048f5299,truth.dance,available,17.99,,high,medium,5,name.com,,,
36799cd1-2a97-437f-998f-55bfc2ac558a,wanting.dance,available,17.99,,high,low,7,name.com,,,
6b827cbe-c741-47e6-a17f-286bff067674,avionic.dance,available,10.48,36.98,medium,low,7,namecheap,,,07/08/2026 23:35
5b080ed6-418c-4359-a8f7-c506be1feb1b,asking.dance,available,17.99,,high,low,6,name.com,,,
f943ae5e-aafc-492a-844c-e991fb350825,barring.dance,available,17.99,,medium,low,7,name.com,,,
a668c61c-2d60-4a9f-b2bf-02c257b86374,formless.dance,available,10.48,36.98,high,low,8,namecheap,,,
1da87c94-609e-406c-a772-dec3fc096a1e,calf.dance,available,17.99,,high,low,4,name.com,,,
0d5b6c68-7fda-49f5-a6fa-40df2a4b7970,yearly.dance,available,17.99,,high,low,6,name.com,,,
778ab94f-7866-41ee-a778-14da327dbf53,altruism.dance,available,17.99,,high,low,8,name.com,,,
c461db0d-f602-47ad-8db3-c6cfeac8e785,nash.dance,available,17.99,,high,low,4,name.com,,,
06174dfd-dbd6-4054-abdf-a3bf54e52fc5,connection.dance,available,,,high,low,10,,,,
ca5c3c1e-c1fd-481e-85b6-fa1beb2b91c5,mono.dance,available,17.99,,high,low,4,name.com,,,
779ffcbb-be79-45f5-979e-a6c51785d474,knotty.dance,available,10.48,36.98,medium,low,6,namecheap,,,08/08/2026 08:12
92518fae-037c-41c8-8f38-040a5f3ef4ae,mentor.dance,available,17.99,,high,low,6,name.com,,,
f0408492-7e41-486b-adc2-5c03108f911d,respiratory.dance,available,17.99,,high,low,11,name.com,,,
d2ce3e40-8571-4aa2-bc60-7bd53eee7059,brownie.dance,available,17.99,,high,low,7,name.com,,,
2bd8e5a9-2152-4e8a-b580-f60f6e61311d,carousing.dance,available,10.48,36.98,medium,low,9,namecheap,,,08/08/2026 04:24
35b22e63-6b1b-4f68-98ab-fb2ecc885b59,lxxxiv.dance,available,10.48,36.98,medium,low,6,namecheap,,,
7937c3ba-7253-44a2-b408-68862db107cb,indecent.dance,available,17.99,,medium,low,8,name.com,,,
85eb5235-5c03-49b1-af6b-24803f35f80f,wonky.dance,available,10.48,36.98,medium,low,5,namecheap,,,07/08/2026 03:46
18ef0783-39ce-493c-8dd5-24575d0c411a,hydroponic.dance,available,10.48,36.98,medium,low,10,namecheap,,,06/08/2026 10:34
43d96458-3433-4d05-b695-2b7c7fb86ccd,allegretto.dance,available,10.48,36.98,high,low,10,namecheap,,,
96bfaebb-a6f9-41de-bb47-32b4eebd1970,toad.dance,available,10.48,36.98,high,low,4,namecheap,,,05/08/2026 21:06
1e1561c3-08f2-4f46-bab1-43dca7da6d8f,xliv.dance,available,10.48,36.98,high,low,4,namecheap,,,
8597c133-5b43-49cc-b361-a347d79e402f,lxx.dance,available,10.48,36.98,medium,low,3,namecheap,,,
813c81e3-1d9d-4a4a-88bd-3808cd51a655,invent.dance,available,17.99,,high,low,6,name.com,,,
9978c5e1-18a2-49c1-b88a-b95415f2e543,disguise.dance,available,17.99,,high,low,8,name.com,,,
02ae9e47-47be-47a5-9ef4-4bea1e897bcd,voiceless.dance,available,10.48,36.98,medium,low,9,namecheap,,,05/08/2026 23:23
3e39ecb7-a8ab-4aa5-bc2d-490ab884d3cf,cancer.dance,available,17.99,,high,low,6,name.com,,,
fab9a2e5-5aab-48f3-9bf0-6b89d2dc20f8,verb.dance,available,17.99,,high,low,4,name.com,,,
efcff993-6996-4105-93de-5ea1e9f54d73,affect.dance,available,17.99,,high,low,6,name.com,,,
ece5335f-539b-4456-9f2f-e053d50542ff,swiftly.dance,available,17.99,,high,low,7,name.com,,,
dee7624c-2ef9-4b3f-8dba-99553f38718f,mill.dance,available,17.99,,high,low,4,name.com,,,
4b16abef-3829-44fa-9e34-4bd10b303c04,hell.dance,available,17.99,,high,low,4,name.com,,,
d4ef8b58-89eb-4754-9f6f-ff19cc155ab9,allophonic.dance,available,10.48,36.98,medium,low,10,namecheap,,,
a8cd5a06-77ef-47cc-8242-a8600e85ed8f,rideshare.dance,available,17.99,,high,low,9,name.com,,,
ca374c06-b89b-44cb-9574-93ee15987064,verify.dance,available,17.99,,high,medium,6,name.com,,,
bf80ba16-5b87-4119-a36f-6dc169ef9264,congrats.dance,available,17.99,,high,low,8,name.com,,,
db101d4d-98f0-4586-9028-13e79d1730e2,panes.dance,available,17.99,,medium,low,5,name.com,,,
1988abf2-3c7a-4c3c-8ab8-676bf622851b,vodka.dance,available,17.99,,high,low,5,name.com,,,
28ff8c93-d4fc-458a-acaf-bf3c9532af7e,soothing.dance,available,10.48,36.98,high,low,8,namecheap,,,07/08/2026 07:40
368b0ac6-c2eb-4081-a356-11705e635e11,antsy.dance,available,10.48,36.98,medium,low,5,namecheap,,,05/08/2026 20:27
35030be9-cab1-4ca7-a0a8-175115075a2b,granola.dance,available,17.99,,high,low,7,name.com,,,
2920010c-3869-419e-bbea-179170c2591c,cocoa.dance,available,17.99,,high,low,5,name.com,,,
83ef8126-252f-4247-aaae-d869930ff432,andean.dance,available,10.48,36.98,high,low,6,namecheap,,,
694367ab-c8fd-4118-a496-d3f907ef2dc7,dinner.dance,available,17.99,,high,low,6,name.com,,,
006b2bd0-df8d-42d9-af77-4ae8b0a29bdd,anuran.dance,available,10.48,36.98,medium,low,6,namecheap,,,05/08/2026 20:48
d3d93ea2-922f-480c-bd79-72a70b72a718,bahamian.dance,available,10.48,36.98,medium,low,8,namecheap,,,08/08/2026 08:31
cc4a9af1-f926-4cd7-94d4-a8e70afcdb32,linear.dance,available,10.48,36.98,high,low,6,namecheap,,,
fa84203a-7b1f-40c5-9d41-71f8781e2c20,soldier.dance,available,17.99,,high,low,7,name.com,,,
51bd3e7c-4197-46b9-a78a-d7545d104e10,schneider.dance,available,17.99,,high,low,9,name.com,,,
c136a967-1b0f-43b3-8066-006552c112d2,lxxx.dance,available,10.48,36.98,medium,low,4,namecheap,,,
2de7b867-9a63-480b-a70a-e3ea777365cb,rejoin.dance,available,17.99,,high,low,6,name.com,,,
5ece289a-c6c6-4a9e-a8dc-10b533619bca,dave.dance,available,,,high,medium,4,,,,
05b7961e-3d5b-45e5-91ab-d68990f3a47d,respects.dance,available,17.99,,high,low,8,name.com,,,
c83cc708-1587-4177-8769-5b34e0a3cac2,unmannered.dance,available,10.48,36.98,low,low,10,namecheap,,,08/08/2026 07:28
06e597a9-c7fa-4a41-be2a-341737dbfe26,clxx.dance,available,10.48,36.98,medium,low,4,namecheap,,,
37ee57a8-53b4-4391-abf9-639da69a8fd2,albescent.dance,available,10.48,36.98,medium,low,9,namecheap,,,
8701e41d-3d8d-401c-9785-5a40c6b5b6ac,berlin.dance,premium,118.8,118.8,high,low,6,namesilo,,,
132e03cd-7b0a-44b3-8d94-e70db4c4cd98,migrate.dance,available,17.99,,high,low,7,name.com,,,
14bafac6-d9be-4d4e-b435-d5aa4f5073e5,thus.dance,available,17.99,,high,low,4,name.com,,,
1f429a50-1aa6-497b-b049-b46695e80c5f,stung.dance,available,10.48,36.98,medium,low,5,namecheap,,,
a314df60-a7de-48a5-a655-dab632aa10d6,achy.dance,available,10.48,36.98,medium,low,4,namecheap,,,
b3b5b328-6df4-4c3c-89b3-bd12cf529974,anatomy.dance,available,17.99,,high,low,7,name.com,,,
8e4fc90d-8e03-4be7-b385-2998ebae44b3,eid.dance,available,17.99,,high,low,3,name.com,,,
ada8dee3-65fb-4f19-96fe-7392c126ab99,looks.dance,available,17.99,,high,low,5,name.com,,,
9660f6d9-9eb3-42a7-b4dd-c4a5cc1cfe57,power.dance,available,,,high,low,5,,,,
29df3d79-663f-4ca3-80c6-9fcbb556de9b,lazuline.dance,available,10.48,36.98,medium,low,8,namecheap,,,08/08/2026 03:18
3d98273e-0641-4d1f-a159-e29196f4c1e0,acicular.dance,available,10.48,36.98,medium,low,8,namecheap,,,
9a6c8290-7708-405e-9979-acedd89d5f83,aneuploid.dance,available,10.48,36.98,medium,low,9,namecheap,,,
e56ab2e8-96df-41e5-a47f-4a8ee031c7a3,monitory.dance,available,10.48,36.98,medium,low,8,namecheap,,,
4f8438ad-70f0-437d-8b55-c6cccb9ade04,democrat.dance,available,17.99,,high,low,8,name.com,,,
44b4c5a9-82b2-442d-855d-3cfa5aca2914,ordinary.dance,available,17.99,,high,low,8,name.com,,,
4492ba4c-0bce-474e-978c-d08ae3a4011e,nominee.dance,available,17.99,,high,low,7,name.com,,,
6f79b386-e993-41f9-bfd6-fdc19ee38ecf,breathe.dance,available,17.99,,high,low,7,name.com,,,
150fafdf-465c-45a5-809f-56d88a31d352,assured.dance,available,10.48,36.98,high,low,7,namecheap,,,07/08/2026 08:21
fa1fa17b-f23d-4047-800a-795fd34563e4,abstemious.dance,available,10.48,36.98,medium,low,10,namecheap,,,
44005dcf-0bb3-41aa-b4a5-3d68e2725708,director.dance,available,17.99,,high,low,8,name.com,,,
486f8202-2d8b-45ad-b1aa-2b1d6573a7fd,less.dance,available,17.99,,high,low,4,name.com,,,
1e4fe063-8aed-4715-81d4-713eaf300bb2,intercultural.dance,available,17.99,,high,low,13,name.com,,,
1349a69d-ac15-46d2-a1c5-3b8651ffd47f,abkhazian.dance,available,10.48,36.98,high,low,9,namecheap,,,
8906d1b8-5937-499e-826b-4e11d770e313,understand.dance,available,17.99,,high,low,10,name.com,,,
2a4bce0a-086b-4a4d-bfc0-ad77ae252e3f,tell.dance,available,17.99,,high,low,4,name.com,,,
47435d67-eb9d-415a-bc8a-bc3cd1ec38b8,alimony.dance,available,17.99,,high,low,7,name.com,,,
8cfd6689-4152-4656-b4d2-6fc74fae2a6f,xxxiv.dance,available,10.48,36.98,medium,low,5,namecheap,,,
c1f32da2-db66-4d11-944c-c8a60150ea47,anorexic.dance,available,10.48,36.98,medium,low,8,namecheap,,,
4a1e0822-5584-4305-b411-474af6fc2dac,airtight.dance,available,10.48,36.98,high,low,8,namecheap,,,
7907972a-79a3-43e6-9ad5-59bfeca1c268,yours.dance,available,17.99,,high,low,5,name.com,,,
4e0adb38-dcb9-40bb-9c47-0ca5b7056497,bullet.dance,available,17.99,,high,low,6,name.com,,,
34dafda9-30e2-4c7e-a945-d097266315b7,sextet.dance,available,10.48,36.98,high,low,6,namecheap,,,
0e30545b-ad72-40fd-9b3a-291e22b52be2,curl.dance,available,17.99,,high,low,4,name.com,,,
321c6cf3-2f9a-4e24-92ba-ff89abb41e68,pitted.dance,available,10.48,36.98,medium,low,6,namecheap,,,
0da70982-3e24-44d8-8fbd-0f7bd8a229f5,needs.dance,available,17.99,,high,low,5,name.com,,,
28865950-b7c2-4d0f-8c29-7e2c942adc1a,hover.dance,available,17.99,,high,low,5,name.com,,,
6a24b63e-a4e1-47eb-8b93-5aa912d76859,derive.dance,available,17.99,,high,low,6,name.com,,,
148cb57a-834c-4c09-b3c4-5015e837a8bf,antitank.dance,available,10.48,36.98,medium,low,8,namecheap,,,05/08/2026 19:44
e7845a41-c647-473a-b147-50567c41c448,could.dance,available,17.99,,high,low,5,name.com,,,
bce90447-bc7e-4a9f-a6ab-2ab78baa3c5c,retrieve.dance,available,17.99,,high,low,8,name.com,,,
4b04e20c-15ef-42d3-856a-509334f12350,equivocal.dance,available,10.48,36.98,high,low,9,namecheap,,,
1d596e38-5574-419c-bd94-773a6baf3f35,kilo.dance,available,17.99,,high,low,4,name.com,,,
f43c164f-96ab-4448-976a-db2b35d07053,tried.dance,available,17.99,,high,low,5,name.com,,,
c22916e2-41d7-478a-9d06-1640aa908966,judgement.dance,available,17.99,,high,low,9,name.com,,,
956544e4-edc0-4cab-88e8-20a88aff75d5,netflix.dance,available,,,high,medium,7,,,,
84d5227c-ed40-4612-8484-ba03fdfcb5dd,prehensile.dance,available,10.48,36.98,medium,low,10,namecheap,,,07/08/2026 22:14
9d20ea11-3c0b-4ff7-a68f-c87e2bec99ee,lisbon.dance,available,17.99,,high,low,6,name.com,,,
f6e51ea7-e0bd-450b-93b8-de128a16bd1f,uphill.dance,available,10.48,36.98,medium,low,6,namecheap,,,
3128d0d6-1b74-4463-be3f-bd299b2636ca,barbecue.dance,available,17.99,,high,low,8,name.com,,,
7bff3429-acd4-442c-aec2-1e601158ebd8,oriented.dance,available,17.99,,high,low,8,name.com,,,
46d67ad7-30cb-49eb-a806-b413d45ced9b,zen.dance,premium,118.8,118.8,high,medium,3,namesilo,,,
88c0db90-f2de-4a31-b47f-1a8ef5c33cf3,importantly.dance,available,17.99,,high,low,11,name.com,,,
2a7eb2d3-18b2-41bd-a725-8f68e55e414e,owing.dance,available,17.99,,medium,low,5,name.com,,,
4cb2cb84-3f5e-4c9a-9e43-5e3138707c34,touching.dance,available,10.48,36.98,high,low,8,namecheap,,,
300ca0b9-53c2-4efc-a05d-e2194d05fc42,detox.dance,available,17.99,,high,low,5,name.com,,,
9195f839-188e-4aee-9ddf-a2007b20ed1d,iii.dance,available,10.48,36.98,high,low,3,namecheap,,,
d776ad87-1650-4a48-8463-19193ba6f98a,massage.dance,available,,,high,low,7,,,,
5b164084-6c57-4804-b7a7-4fb3626b2933,xxviii.dance,available,10.48,36.98,medium,low,6,namecheap,,,
17b46b53-00e8-453e-838f-79b8ee5b2728,prince.dance,available,17.99,,high,low,6,name.com,,,
fe75d3a1-ae65-4163-aada-52780018241e,aflare.dance,available,10.48,36.98,medium,low,6,namecheap,,,
4d16cb0f-7362-46df-a8d5-de0b3c877617,cheated.dance,available,17.99,,medium,low,7,name.com,,,
09ecf67b-d181-439d-a9d0-4a5bf2d57427,band.dance,premium,118.8,118.8,high,low,4,namesilo,,,
0646304d-fa6a-42c8-af10-a1073f8890c3,delighted.dance,available,10.48,36.98,high,low,9,namecheap,,,09/08/2026 10:01
2fc88da2-2c63-4ae7-8651-ba20289f4f5e,mouthfeel.dance,available,17.99,,high,low,10,name.com,,,
de3cac59-c697-4965-b2b2-8666bec775a8,apophatic.dance,available,10.48,36.98,medium,low,9,namecheap,,,06/08/2026 02:27
a0bd8b44-461c-423c-98f3-72adbf9945fd,unquestionable.dance,available,17.99,,medium,low,14,name.com,,,
ece2a9da-fc3b-48fe-9654-fceef6cdd8ef,bag.dance,available,10.48,36.98,high,low,3,namecheap,,,04/09/2026 13:24
eef1ffe3-b660-4847-bb4a-d31600c40a06,upcoming.dance,available,10.48,36.98,high,low,8,namecheap,,,06/08/2026 08:39
1be1af6d-de4a-40a7-ae63-8abe9742dfe9,lightly.dance,available,17.99,,high,low,7,name.com,,,
18d3bf78-01e9-467b-b892-93c2ed1703ac,quaternary.dance,available,10.48,36.98,medium,low,10,namecheap,,,
317fedac-8cda-4319-af32-5bee760d4f8a,visible.dance,available,17.99,,high,low,7,name.com,,,
578e0969-d2fb-4f31-8a10-0739994a537c,exactly.dance,available,17.99,,high,low,7,name.com,,,
65c7e755-885f-4df0-b016-49eb845ce2f7,peaking.dance,available,17.99,,high,low,7,name.com,,,
5976c75b-2a98-429d-a8d3-cfe65a07d923,seeming.dance,available,17.99,,high,low,7,name.com,,,
033af32d-2587-4690-9c4e-818fed868045,iconic.dance,resell,,,high,low,6,InterNetX GmbH,05/01/2022 23:22,05/01/2027 23:22,
fbbae592-4db1-49cf-a2ae-3051663b39ac,centralised.dance,available,17.99,,high,low,11,name.com,,,
1c75fea1-959f-48df-9f7b-fab45f722ef1,memorable.dance,available,17.99,,high,low,9,name.com,,,
47f4f260-1e80-49f2-aa81-eedf8284071b,there.dance,available,17.99,,high,low,5,name.com,,,
dfe34bcc-1fc0-42c0-8c4e-30a33f4b16ff,movement.dance,premium,82.5,,high,low,8,name.com,,,
cbd5a74e-0396-4506-881c-b20c457dcd21,cameroon.dance,available,,,high,low,8,,,,
cf892047-230a-47ed-9591-0f540c5abf65,dissent.dance,available,17.99,,high,low,7,name.com,,,
1b552195-aa8b-43cb-8a23-2ffba447b7d0,mixture.dance,available,17.99,,high,low,7,name.com,,,
de755053-954b-4df4-9c94-17f4fd648881,interim.dance,available,17.99,,high,low,7,name.com,,,
f660ed4f-238b-4012-8bd6-8ea4451e6a14,merger.dance,available,17.99,,high,low,6,name.com,,,
3a508da3-6e34-42f1-bfe4-ae36f77ea0e5,rested.dance,available,17.99,,high,low,6,name.com,,,
3b610d5d-54b8-4482-859c-78512788c977,fanny.dance,available,10.48,36.98,medium,low,5,namecheap,,,09/08/2026 12:00
5450fc30-9349-446b-bc2c-22384bf98aa8,righteous.dance,available,17.99,,high,low,9,name.com,,,
3d7f82e3-7416-4022-a9b8-d136d02c5820,understood.dance,available,17.99,,high,low,10,name.com,,,
5736b147-819a-4517-a429-33aba9887d72,alienated.dance,available,10.48,36.98,medium,low,9,namecheap,,,
db305c25-5348-423e-8e61-961a0168b34f,alaska.dance,premium,118.8,118.8,high,low,6,namesilo,,,
f15140a9-2e76-44c0-98ed-93015319a577,org.dance,premium,854,854,high,medium,3,namesilo,,,
b2c91e3b-9980-4ddd-b8fe-8902a9f87069,aluminous.dance,available,10.48,36.98,medium,low,9,namecheap,,,
24513846-5553-4ed1-aa8b-b6381da6cf3b,cleopatra.dance,available,17.99,,high,low,9,name.com,,,
35a7111c-dae5-4764-a571-6f80a86bf840,pancreas.dance,available,17.99,,high,low,8,name.com,,,
90232849-256e-4892-a3ba-322649f9ff52,freely.dance,available,17.99,,high,low,6,name.com,,,
b8195967-b620-49c9-86a3-d01269ef2b75,abdominous.dance,available,10.48,36.98,medium,low,10,namecheap,,,
3bbb4526-8109-4cd1-ba62-5e481d1f112e,kiss.dance,premium,118.8,118.8,high,low,4,namesilo,,,
a4547993-c891-491a-99d6-00b02801de92,vacuous.dance,available,10.48,36.98,low,low,7,namecheap,,,07/08/2026 02:52
3194e412-6d5f-4823-a0b0-03a7767a69b2,accusing.dance,available,10.48,36.98,medium,low,8,namecheap,,,
daecd125-ec5c-4b19-910a-1b750bd62150,successor.dance,available,17.99,,high,low,9,name.com,,,
e01afb32-814d-48a3-85bc-fc27a864a841,nitric.dance,available,10.48,36.98,medium,low,6,namecheap,,,08/08/2026 02:58
a973fe89-6b21-4485-861d-b12ae7b729bf,veteran.dance,available,17.99,,high,low,7,name.com,,,
5d4a31ad-3896-43dc-b546-8cb5675efd87,lamp.dance,available,17.99,,high,low,4,name.com,,,
32d0039a-94dd-43a6-b086-79f2c138a436,laborious.dance,available,10.48,36.98,medium,low,9,namecheap,,,06/08/2026 17:00
0b25d136-c6c8-4d38-8efc-996d6face729,gates.dance,available,17.99,,high,low,5,name.com,,,
f3a8cad8-b003-4015-bede-387ee1ef3dc9,opinion.dance,available,17.99,,high,low,7,name.com,,,
4237e6de-6d8e-4672-813e-abd4197ed522,jody.dance,available,17.99,,high,low,4,name.com,,,
bda53935-74a8-4f9e-9766-df10d96449bf,philly.dance,premium,118.8,118.8,high,low,6,namesilo,,,
9341c435-df9a-4e81-9da9-6b88e0b3336d,flee.dance,available,17.99,,high,low,4,name.com,,,
4f43204e-af33-418d-8520-c61f0c1d7ad1,suppose.dance,available,17.99,,high,low,7,name.com,,,
920355be-df2c-40f2-bc5b-1efda1ae1796,vary.dance,available,17.99,,high,low,4,name.com,,,
be240622-ad10-47eb-82c4-1d7d95379e3c,message.dance,available,,,high,low,7,,,,
49845412-0230-410f-a829-81360c3daeac,raccoon.dance,available,17.99,,high,low,7,name.com,,,
d8b01e9c-20db-4d9d-a060-594feb1cc751,agnate.dance,available,10.48,36.98,medium,low,6,namecheap,,,
f4c2f338-6bbb-4dcd-8311-c84e0c9e754d,basal.dance,available,10.48,36.98,medium,low,5,namecheap,,,08/08/2026 21:24
37fbabf6-5a38-4597-84f2-eae698659bf2,beating.dance,available,17.99,,high,low,7,name.com,,,
b3123cd3-c1e6-4c45-8f36-3b0520e5f086,varied.dance,available,17.99,,high,low,6,name.com,,,
ca34e348-e8be-41be-b3bc-d06958769627,continuously.dance,available,17.99,,high,low,12,name.com,,,
81585c43-4fde-4ed0-a99a-b43d669bb8b6,panoptic.dance,available,10.48,36.98,medium,low,8,namecheap,,,
45a5a4db-bf6d-4729-af5a-c39ab0aa7f60,jerky.dance,available,10.48,36.98,high,low,5,namecheap,,,06/08/2026 22:03
8530b956-1e31-4556-a171-c3f917cc3921,simpson.dance,available,17.99,,high,low,7,name.com,,,
e6d91be4-1b2d-423c-90ed-53b34310ff15,aguish.dance,available,10.48,36.98,medium,low,6,namecheap,,,
1e63bea0-292e-4680-bf5b-ba32d3ce3cd0,cancel.dance,available,17.99,,high,low,6,name.com,,,
18b0f15a-f9ee-435d-ba15-f361f5ea26b1,enter.dance,available,17.99,,high,low,5,name.com,,,
7551fbb8-c1c2-45b3-afc8-825d27211579,distress.dance,available,17.99,,high,low,8,name.com,,,
9e7e4aa3-58ec-4cd6-b487-c8ecf113db20,psychic.dance,available,17.99,,high,low,7,name.com,,,
3a4a2b3a-7333-45e3-bcd9-1b0988ee8e78,unemployment.dance,available,17.99,,high,low,12,name.com,,,
b9d8999e-1d83-4dfa-81fa-a586ea245006,grammar.dance,available,17.99,,high,low,7,name.com,,,
5769e64e-bb77-4ed2-9493-cc28d16f0ea7,auxetic.dance,available,10.48,36.98,medium,low,7,namecheap,,,07/08/2026 21:28
b23b569c-07ae-4b1e-bc33-b08491449d9b,conduction.dance,available,17.99,,high,low,10,name.com,,,
b8e0f0c4-39da-499d-a3b6-9f3145e1f99f,strain.dance,available,17.99,,medium,low,6,name.com,,,
b69cbc2e-629d-406e-beca-cc19be8dce4a,cord.dance,available,17.99,,high,low,4,name.com,,,
7d59216d-f1a4-4710-a952-e325f2247592,glitter.dance,available,17.99,,high,low,7,name.com,,,
26643f70-0ab9-4af6-93ba-dacdf94c7740,appellant.dance,available,10.48,36.98,medium,low,9,namecheap,,,06/08/2026 06:23
bc771a19-3caa-47dd-9f52-d4ba8fe045a2,departure.dance,available,10.48,36.98,high,low,9,namecheap,,,08/09/2026 12:08
42771533-782b-41e5-936c-3cfe28126b6f,pinch.dance,available,17.99,,high,low,5,name.com,,,
1f8b8b72-d9d1-422a-8611-971c950fbe35,attention.dance,available,17.99,,high,low,9,name.com,,,
b7025afc-a164-4281-9dd7-bae21e5e954f,mentioned.dance,available,17.99,,medium,low,9,name.com,,,
8165dc38-e59d-4209-8ec4-8de94c7fbea4,increasing.dance,available,17.99,,high,low,10,name.com,,,
7f51e5b8-1d9f-40fa-ad1a-ec46e2ffeeae,public.dance,available,17.99,,high,low,6,name.com,,,
87d38f2b-1cbc-42a0-8a2e-5746d5337c4a,surrounding.dance,available,17.99,,high,low,11,name.com,,,
8de272a5-5e80-4406-9194-43c1b45cb55f,proper.dance,available,17.99,,high,low,6,name.com,,,
60dfc11d-8198-4329-a0d4-20b341f81a96,published.dance,available,17.99,,high,low,9,name.com,,,
283b1007-dcb5-40bd-a83a-1b85ce740be0,conquest.dance,available,17.99,,high,low,8,name.com,,,
4f2aa9c6-f94a-4bbd-b32c-bdd014f904eb,condom.dance,available,17.99,,high,low,6,name.com,,,
9167f2a6-2c6d-4dce-acdb-16e843649a16,watch.dance,premium,118.8,118.8,high,low,5,namesilo,,,
899db3a6-40f3-4254-9b68-18793af3a8c4,mouthy.dance,available,17.99,,high,low,6,name.com,,,
763f4c82-0048-4aca-bb74-494e275b0239,palace.dance,premium,78.54,78.54,high,low,6,namesilo,,,
3a6292b6-dd95-4a65-aed2-38b72abea7f8,insufficient.dance,available,17.99,,medium,low,12,name.com,,,
ce28d8d9-ab5c-4295-b2f2-333e726bbaea,affidavit.dance,available,17.99,,high,low,9,name.com,,,
6d13d168-029d-4b8e-a9b6-bd57e0f46e62,guarantee.dance,available,17.99,,high,low,9,name.com,,,
157c7f81-410a-43c6-982f-8b88a4194ef1,bubble.dance,available,17.99,,high,low,6,name.com,,,
38a129d2-b36e-4018-b9e0-d0906745bb72,mosque.dance,available,17.99,,high,low,6,name.com,,,
f1e06b9c-a301-43d9-bd53-91e2ee5bd04a,needing.dance,available,17.99,,high,low,7,name.com,,,
86f81c0a-4b32-4a76-8308-960c58211da8,under.dance,available,17.99,,high,low,5,name.com,,,
92953067-783b-45f7-835e-d47d345e9a96,extinction.dance,available,17.99,,high,low,10,name.com,,,
3170f054-5f6c-4d24-899a-64de05d5c168,tiptop.dance,available,10.48,36.98,high,low,6,namecheap,,,
7a88856f-c906-4f2b-aec1-bfd1ce89404c,prohibited.dance,available,10.48,36.98,medium,low,10,namecheap,,,08/08/2026 13:48
7e980fec-15b6-4ec4-a014-60543d113ca9,detection.dance,available,17.99,,high,low,9,name.com,,,
e312c18e-fa6c-41ea-a15f-5d0d1dad7ec5,detoxify.dance,available,17.99,,high,low,8,name.com,,,
e892832e-5a94-4d06-92ef-ab330cee6b01,hardly.dance,available,17.99,,high,low,6,name.com,,,
4242bed3-3d4a-4e0c-8c31-2440ff106189,mode.dance,available,17.99,,high,low,4,name.com,,,
14631331-6165-4c26-b12e-47a298183333,agnostical.dance,available,10.48,36.98,medium,low,10,namecheap,,,
a700c9c8-50f8-4b48-a7b6-91500334de5d,shoe.dance,premium,123.75,,high,low,4,name.com,,,
a2d80381-6d55-4599-8489-a30f00c2c34a,abusive.dance,available,10.48,36.98,medium,low,7,namecheap,,,
fd678067-b4fb-4720-a64a-f8bd989f37d7,philistine.dance,available,10.48,36.98,medium,low,10,namecheap,,,
595a73c6-e6fd-4283-bf6b-52cf1e5e7765,manila.dance,available,17.99,,high,low,6,name.com,,,
4013c2a4-6e80-460a-b939-a1acf85c13b7,economically.dance,available,17.99,,medium,low,12,name.com,,,
2dc10e17-c42f-4fa4-83b9-6c98adff461f,gran.dance,available,17.99,,high,low,4,name.com,,,
6e862760-2058-4292-a9cc-4035d99509a6,scowling.dance,available,10.48,36.98,medium,low,8,namecheap,,,09/08/2026 08:33
e56c92d9-2c72-48c3-8c8b-6a43f5accd3b,shorts.dance,available,17.99,,high,low,6,name.com,,,
6eade83a-4e3a-47de-aea0-d97ad126739d,index.dance,premium,78.54,78.54,high,medium,5,namesilo,,,
0da4543b-f64c-454c-bc81-0a85377d99ec,brow.dance,available,17.99,,high,low,4,name.com,,,
10241b16-6d06-4224-b1c2-c1e01e676f71,consulting.dance,available,17.99,,high,low,10,name.com,,,
d2e8187c-7e5d-4125-85cb-9d991e08d7b8,phoebe.dance,available,10.48,36.98,medium,low,6,namecheap,,,
f0451bcc-0982-4b40-9331-2fd1dba1cdf9,shirt.dance,available,17.99,,high,low,5,name.com,,,
4922d855-30e0-433f-a745-bcfa4e7f6ff7,come.dance,available,16.99,27.49,high,low,4,namesilo,,,24/09/2026 23:05
e0e276c5-2796-4848-9c4f-d2294d933aa0,evaporate.dance,available,17.99,,high,low,9,name.com,,,
39636642-9127-41a9-adeb-c1d3875eddf6,lxxxvi.dance,available,10.48,36.98,medium,low,6,namecheap,,,
28ed8fc6-9a3e-4aad-bb1d-43bf4815596f,unpaid.dance,available,10.48,36.98,high,low,6,namecheap,,,
350ab389-3d34-4be3-a00d-8e35a92d3c01,undisciplined.dance,available,17.99,,medium,low,13,name.com,,,
b67f4f43-b7fa-4c3d-957b-2baa5570aef6,moderation.dance,available,17.99,,high,low,10,name.com,,,
e6dab5f1-6c7c-424e-b751-adb2fe4f290e,acronym.dance,available,17.99,,high,low,7,name.com,,,
e68512ce-d59c-4ac9-a72e-ff7001c4c96a,meanwhile.dance,available,17.99,,high,low,9,name.com,,,
5c19bc5d-bb11-42fc-9da7-593e6453b04b,solely.dance,available,10.48,36.98,high,low,6,namecheap,,,
fb2a6116-5fca-4ec5-9706-906def3ebf12,points.dance,available,17.99,,high,low,6,name.com,,,
0c7687e2-00f1-40d6-9325-e687919d6449,factor.dance,available,17.99,,high,low,6,name.com,,,
a71c477d-fa04-44f5-b2c6-35a884517df2,whereby.dance,available,17.99,,medium,low,7,name.com,,,
02a4a75b-89a2-49bf-ba6c-e9054f8f4d66,xlvi.dance,available,10.48,36.98,medium,low,4,namecheap,,,
286d827f-3baf-4885-8663-5d42656934ab,barefoot.dance,available,10.48,36.98,high,low,8,namecheap,,,08/08/2026 18:54
9cd533c3-d58a-48f5-a87e-ebe795f62b48,indoaryan.dance,available,10.48,36.98,medium,low,10,namecheap,,,06/08/2026 23:56
9356d149-0ca4-485b-ab12-efbd45f90729,accentual.dance,available,10.48,36.98,high,low,9,namecheap,,,
ec8c46ba-aadc-4427-855e-3c5be993356d,wrench.dance,available,17.99,,high,low,6,name.com,,,
eeddc681-fba5-47e0-b539-22c9609f82b7,sushi.dance,available,17.99,,high,low,5,name.com,,,
fe9141fd-bb58-42c4-b9ae-e0f87467b0d8,kicking.dance,available,17.99,,high,low,7,name.com,,,
be440ead-12af-4be6-b680-c67371333b9f,nyc.dance,premium,118.8,118.8,high,medium,3,namesilo,,,
4781c025-0d33-49da-b98f-0641fc9aaf78,mild.dance,available,17.99,,high,low,4,name.com,,,
e23d5729-191d-4ed5-ab47-65afdebd44d3,prat.dance,available,10.48,36.98,medium,low,4,namecheap,,,09/08/2026 11:18
cbf814c9-5494-4d01-8d25-ecd50db53fa6,speeding.dance,available,17.99,,high,low,8,name.com,,,
f0ae7a3b-cee6-48b2-8e8e-92c60c8c1591,dining.dance,available,17.99,,high,low,6,name.com,,,
05dc4c02-b7c2-479c-b75b-768f41d57f86,bankable.dance,available,10.48,36.98,high,low,8,namecheap,,,08/08/2026 13:24
fe5ab2c9-947b-4619-a44e-9691a7e79504,ingenuous.dance,available,10.48,36.98,medium,low,9,namecheap,,,06/08/2026 23:41
51397ae3-b6e8-4dc8-a01a-c7cb0983f2ec,significantly.dance,available,17.99,,medium,low,13,name.com,,,
39b0a09a-cba1-48fd-85f0-660f98357672,existence.dance,available,17.99,,high,low,9,name.com,,,
27d5a0bf-c79b-48d1-8a9d-49ff11d03756,interesting.dance,available,17.99,,high,low,11,name.com,,,
5e547a37-91eb-40da-9638-0398b491e578,prison.dance,available,17.99,,high,low,6,name.com,,,
30bc6454-70f3-4971-85f9-316396b4db90,bareback.dance,available,10.48,36.98,medium,low,8,namecheap,,,08/08/2026 18:38
a2ef5ad7-d57c-47ca-8b4c-be4816c820cb,owned.dance,available,17.99,,high,low,5,name.com,,,
4487fdc8-324d-47ae-85b5-aa54e0a3390f,poster.dance,available,17.99,,high,low,6,name.com,,,
8830ab85-7393-466c-b863-1ffb9398343e,sleeping.dance,available,17.99,,high,low,8,name.com,,,
bfb50eef-b04c-4e2e-badd-978aa78d7687,assessable.dance,available,10.48,36.98,medium,low,10,namecheap,,,07/08/2026 06:04
8116ed62-b0e6-4a92-986c-889532c0fc72,screening.dance,available,17.99,,high,low,9,name.com,,,
24b991b8-b45b-4881-9880-111c5d799406,mmr.dance,available,17.99,,high,low,3,name.com,,,
9690b007-5ec9-4510-9754-59a64b79506a,grueling.dance,available,10.48,36.98,high,low,8,namecheap,,,06/08/2026 16:45
f4a71924-ce1d-4a77-bf3d-b03de58afbd3,kilogramme.dance,available,17.99,,high,low,10,name.com,,,
754b445c-59eb-4a42-a512-51238277e576,ambrosial.dance,available,10.48,36.98,medium,low,9,namecheap,,,
8a88f48b-b632-4609-b787-de4bfd6d714e,breathtaking.dance,available,17.99,,high,low,12,name.com,,,
57ff77bb-645a-4c7a-8962-1b3a146d2579,merit.dance,available,17.99,,high,low,5,name.com,,,
2c31824d-64a2-4aa2-8b1d-d5df2828ffb0,widowed.dance,available,17.99,,medium,low,7,name.com,,,
0a1bbfa6-0388-4250-8769-c000929a3ada,algonkin.dance,available,10.48,36.98,medium,low,8,namecheap,,,
d787a106-b6f6-4450-b44f-a149232dd2a8,tillable.dance,available,10.48,36.98,medium,low,8,namecheap,,,06/08/2026 11:25
f2a945b8-ce98-4cf8-a58c-39af3a58ecf0,atacama.dance,available,17.99,,high,low,7,name.com,,,
6b61aab1-361f-4637-a962-9c39e7b6b2f6,hindsight.dance,available,17.99,,high,low,9,name.com,,,
dadaacea-1aca-43d1-9421-46f48d1a343b,brain.dance,resell,,,high,medium,5,Dynadot Inc,18/01/2024 03:28,18/01/2027 03:28,
bf375ee4-67e6-4a32-b4da-99fd4d80fc07,archean.dance,available,10.48,36.98,medium,low,7,namecheap,,,06/08/2026 15:05
38c201dc-10e5-41fb-ba67-ee98d7eb14eb,adient.dance,available,10.48,36.98,medium,low,6,namecheap,,,
2f0655b8-e26b-4b1b-956e-bc05b260e998,clickbait.dance,available,17.99,,medium,low,9,name.com,,,
1125ac72-4ed3-4abf-97f7-34ee50a62726,visibility.dance,available,17.99,,high,low,10,name.com,,,
5dde072e-8d88-463d-9348-2d3b828bd61f,sacrificial.dance,available,17.99,,high,low,11,name.com,,,
6fc1b957-f724-4406-88ff-5f791294d298,printable.dance,available,17.99,,high,low,9,name.com,,,
a36b413c-1f96-48e1-aadf-68c5e36fbc8f,quarters.dance,available,17.99,,high,low,8,name.com,,,
15786c2d-0d90-4f6e-941a-06423507a92c,hunger.dance,available,17.99,,high,low,6,name.com,,,
3f3c518f-e136-42a1-868f-87b5dd2cc639,court.dance,available,17.99,,high,low,5,name.com,,,
3fd4ef27-2e23-4bdb-9001-219b7a2cf3de,eyes.dance,available,17.99,,high,low,4,name.com,,,
1b447b88-2110-4941-9528-0ded1b701c9c,macedonia.dance,available,,,high,low,9,,,,
02bc1f2d-1015-4af4-90e9-477369f7d24d,bottom.dance,available,10.48,36.98,high,low,6,namecheap,,,09/08/2026 11:50
0c30dc6e-4d7d-460f-8d8e-805a2c384f3c,packed.dance,available,17.99,,high,low,6,name.com,,,
fd0feaf3-c14d-4c60-8c8f-3a1b96638f15,aphoristic.dance,available,10.48,36.98,medium,low,10,namecheap,,,05/08/2026 23:31
487f44d6-d99e-4f6a-9c70-f491c3551473,respond.dance,available,17.99,,high,low,7,name.com,,,
eccf4021-697a-4c79-8ac1-9a5ede4a92ed,eyewitness.dance,available,17.99,,high,low,10,name.com,,,
d00d18c5-b284-49c4-b277-53853596d24f,talent.dance,available,,,high,low,6,,,,
6323eff6-a9d0-4696-b662-1eefd2f08243,masses.dance,available,17.99,,high,low,6,name.com,,,
bab8d2bf-e747-4d75-a38a-9d601b7c04de,weeks.dance,available,17.99,,high,low,5,name.com,,,
f4db85b6-17ce-425c-a21e-fe1f23449b29,acinic.dance,available,10.48,36.98,medium,low,6,namecheap,,,
a1999cfb-a65a-4562-a61a-7919c5fbadc1,ahorseback.dance,available,10.48,36.98,medium,low,10,namecheap,,,
93de5003-69de-48fb-bef6-ad26068b0e0c,sniff.dance,available,17.99,,high,low,5,name.com,,,
c67e7023-e1ce-404a-a092-9cb0876b316d,actinide.dance,available,10.48,36.98,medium,low,8,namecheap,,,
0137e2f5-6b4f-427e-a201-ebfb0c4c0622,bravo.dance,available,,,high,low,5,,,,
5f7a28e8-08c8-4a6a-8bee-80c28b77944b,mods.dance,available,17.99,,high,low,4,name.com,,,
2134b11f-7f61-4e2a-9e92-4992794da55f,trapped.dance,available,10.48,36.98,medium,low,7,namecheap,,,07/08/2026 11:08
7443c004-c038-46eb-bff1-5f7bf1a4a0bf,autogenic.dance,available,10.48,36.98,medium,low,9,namecheap,,,07/08/2026 20:21
74ff1439-e009-4f7f-8ed9-cc5e77fdaf9e,worthy.dance,available,17.99,,high,low,6,name.com,,,
88e308f6-36d7-4c76-a648-95ffa052b83c,ignore.dance,available,17.99,,high,low,6,name.com,,,
647d569f-a6cb-4b39-b527-04f03df5cd82,crack.dance,available,10.48,36.98,high,low,5,namecheap,,,
181c6860-0d89-46d1-94b5-b934ad2d32dc,ser.dance,available,17.99,,high,low,3,name.com,,,
b7033f74-68e9-43a3-91e0-e63a9e5a3525,will.dance,available,17.99,,high,medium,4,name.com,,,
69390324-36b7-4c45-94a7-4cd93cddf2d2,buyer.dance,available,17.99,,high,low,5,name.com,,,
05ac82ac-766c-4fc9-a608-fd21a66910f8,status.dance,available,17.99,,high,medium,6,name.com,,,
5152f41c-2069-491d-b8a0-49e7998cb26d,plastic.dance,available,17.99,,high,low,7,name.com,,,
6baa9adc-260d-49b3-9b9e-05e226f94cf5,souls.dance,available,17.99,,high,low,5,name.com,,,
0bff7115-c10c-4cd9-97c5-d2e72ba0f7c2,praise.dance,premium,35.4,35.4,high,low,6,namesilo,,,
6007d15d-66af-431a-898d-3a4de8529820,assamese.dance,available,10.48,36.98,high,low,8,namecheap,,,07/08/2026 05:38
f122e245-1a49-4159-a1d2-651420f8ec90,grocery.dance,available,10.48,36.98,high,low,7,namecheap,,,08/09/2026 13:48
e675227e-0810-4a68-8530-eb4e02514bba,whitefish.dance,available,17.99,,high,low,10,name.com,,,
2bd79435-5e7b-4780-942f-97fd3f7eb635,abaxial.dance,available,10.48,36.98,medium,low,7,namecheap,,,
c4246112-ea1b-4a17-a59c-9f6776ce0e90,cornered.dance,available,10.48,36.98,medium,low,8,namecheap,,,07/08/2026 11:02
727af845-0525-46e5-922e-38bb208146f8,addition.dance,available,17.99,,high,low,8,name.com,,,
5a70fd9f-ecb9-4125-939e-33e3fd5b6b65,assistive.dance,available,10.48,36.98,medium,low,9,namecheap,,,07/08/2026 06:40
f600359c-2c8b-4653-b887-33ff697de8ab,pool.dance,available,17.99,,high,low,4,name.com,,,
842b5390-78de-4a30-aec5-0aa654d8a881,cracking.dance,available,10.48,36.98,high,low,8,namecheap,,,08/08/2026 12:25
26be4aa1-5e2d-45fd-b48d-8ca7e6df3dc5,coldly.dance,available,17.99,,medium,low,6,name.com,,,
e11f76ec-471c-4103-b739-71c88fea9329,accomplished.dance,available,17.99,,high,low,12,name.com,,,
80121b34-d842-45ec-91c1-769b68b90c6e,calender.dance,available,17.99,,high,low,8,name.com,,,
6991a1a8-7c3a-4bb2-a35a-f80bb43d32e6,aphonic.dance,available,10.48,36.98,medium,low,7,namecheap,,,05/08/2026 23:17
4ce2616e-7e1e-41c7-acc1-98c82330de23,courage.dance,available,17.99,,high,low,7,name.com,,,
4302a6c4-b62c-4828-a9cb-6cc9dc8af7f2,employee.dance,available,17.99,,high,low,8,name.com,,,
e232afdf-51fb-4b78-b642-d7e1ce8769e8,meaning.dance,available,17.99,,high,low,7,name.com,,,
1b1bc00d-7b6d-41c3-aa39-1e592b8150de,loads.dance,available,17.99,,high,low,5,name.com,,,
a24fae43-deef-4e9e-adf1-e6da4b54a7bb,informally.dance,available,17.99,,medium,low,10,name.com,,,
0fee7c9d-c740-4c3a-a687-3ba90d404ae2,trumpian.dance,available,17.99,,medium,low,8,name.com,,,
5be10351-aa8a-433e-bd97-f17184bdff2c,official.dance,available,17.99,,high,low,8,name.com,,,
83d16fd6-5a2d-4751-89a1-18f3fe5710ff,vent.dance,available,17.99,,high,low,4,name.com,,,
72074f64-fc93-452a-a935-84d5a1596275,widen.dance,available,17.99,,high,low,5,name.com,,,
f6a752a7-e5f6-4d43-a684-64d31fd3cf73,temporary.dance,available,17.99,,high,low,9,name.com,,,
4f49c703-8b6f-4320-984e-f0842704c81e,laid.dance,available,17.99,,high,low,4,name.com,,,
0cbbd76d-b868-474c-8985-794daa2eb67e,ixc.dance,available,10.48,36.98,medium,low,3,namecheap,,,
56a5349e-847f-4236-bbe3-d9d9b9c3eaf2,operated.dance,available,17.99,,high,low,8,name.com,,,
6b9ee91f-2430-4021-b232-16d1ff3a749f,represented.dance,available,17.99,,high,low,11,name.com,,,
84615c2f-28c4-4de9-b172-cb98ef6f0e5c,dilemma.dance,available,17.99,,high,low,7,name.com,,,
3a952c76-ba25-4754-b20a-dcd8d9c19555,endemic.dance,available,10.48,36.98,high,low,7,namecheap,,,07/08/2026 19:26
b4d51153-4779-4d49-b21c-ae7d99b852eb,promo.dance,premium,123.75,,high,low,5,name.com,,,
e9959cec-dde8-4b4a-8def-8bc4888f1ce8,gleaming.dance,available,10.48,36.98,high,low,8,namecheap,,,
59195ad1-9d7f-42d2-82bf-0bd7dc8a1004,ways.dance,available,17.99,,high,low,4,name.com,,,
10aff1c1-9642-4a84-b576-c840e461e83c,forehead.dance,available,17.99,,high,low,8,name.com,,,
5174d103-3143-4c8c-9757-0295c5a8f9a6,septet.dance,available,10.48,36.98,medium,low,6,namecheap,,,
a24bf0b4-ee99-4f49-b54f-a7e425e56451,enthusiasm.dance,available,17.99,,high,low,10,name.com,,,
d4c20e92-a26e-4ad3-a9da-6d8826a1f749,male.dance,available,17.99,,high,low,4,name.com,,,
65d917c3-036b-4ac6-9269-70459292758a,annular.dance,available,10.48,36.98,high,low,7,namecheap,,,
ab8633da-93f6-4233-84e7-ad96a08928d5,worth.dance,available,17.99,,high,low,5,name.com,,,
08b11aa6-7350-431a-a88d-6ea5b46f07e7,simplify.dance,available,17.99,,high,low,8,name.com,,,
4d214628-7c5a-47fc-95b5-f07f056de90c,suggest.dance,available,17.99,,high,low,7,name.com,,,
b98b9e18-0c27-4f52-b42e-f362df0fe709,pestilent.dance,available,10.48,36.98,medium,low,9,namecheap,,,08/08/2026 12:06
a056b7a4-c512-447a-ba5c-1756cb3814df,awe.dance,available,17.99,,high,low,3,name.com,,,
92507ecb-1191-475c-8f14-55404543f512,clxxv.dance,available,10.48,36.98,medium,low,5,namecheap,,,
5627e440-534e-4e33-9bbb-1bb1b0b450d1,racist.dance,available,10.48,36.98,medium,low,6,namecheap,,,
0ce8ded9-2aad-4c40-b617-6e2adb3864b3,jacks.dance,available,17.99,,high,low,5,name.com,,,
14fbf240-82cd-477a-8cfd-6df35ad3b309,contents.dance,available,17.99,,high,low,8,name.com,,,
721bbb91-4856-4fa3-a95f-4b61f41f4872,spacetravel.dance,available,17.99,,high,low,12,name.com,,,
98cefa20-b6d7-4071-a7e7-1cc453c5d47b,opt.dance,available,17.99,,high,low,3,name.com,,,
062307ba-c1eb-413e-b436-6da6e8b904a1,alert.dance,available,,,high,low,5,,,,
170b4d3f-e25c-47ec-9b3d-62fab1d68d75,regular.dance,available,17.99,,high,low,7,name.com,,,
9e984b5e-1f91-4511-9798-7f985875be28,mecca.dance,premium,118.8,118.8,high,low,5,namesilo,,,
4986bb4b-b0f4-4b3b-ba1a-6be0000a878c,rang.dance,available,17.99,,medium,low,4,name.com,,,
0ec6ed7a-d547-4156-b119-9463ca750a7a,askance.dance,available,10.48,36.98,medium,low,7,namecheap,,,07/08/2026 02:56
dc862d72-7f90-4267-8610-cdd2a9cd801e,highlighting.dance,available,17.99,,high,low,12,name.com,,,
5273c6c0-932e-41f4-95cd-8ef0b8b7e856,amiss.dance,available,10.48,36.98,high,low,5,namecheap,,,
6a4c64cc-e9e0-4a4a-8648-b5183c49b4fe,annoy.dance,available,17.99,,high,low,5,name.com,,,
3a29cc26-5930-4a5e-88b3-377456a1bb20,pan.dance,available,17.99,,high,low,3,name.com,,,
8d4214ba-1a13-43e0-8ae2-4d638320a79c,slushy.dance,available,10.48,36.98,medium,low,6,namecheap,,,09/08/2026 01:25
441cbb9f-542b-4a7f-816a-3c1c4df16ee6,confess.dance,available,17.99,,high,low,7,name.com,,,
b5e239f1-9106-4dfb-96c8-6ccc9650c8db,upon.dance,available,17.99,,high,low,4,name.com,,,
ea7b624f-0014-41e6-992a-0117b1493c0a,contaminated.dance,available,17.99,,medium,low,12,name.com,,,
142b8180-8aa4-40a4-9cbc-a6014165542a,diner.dance,available,17.99,,high,low,5,name.com,,,
fda313e6-f70e-4050-8f61-5ebab027a253,chase.dance,available,,,high,low,5,,,,
d5c71d89-874f-4975-b251-4d9ceb781a15,aimless.dance,available,10.48,36.98,medium,low,7,namecheap,,,
68dbcf8b-3812-46d8-9218-a30727a5a14c,bacchanal.dance,available,10.48,36.98,high,low,9,namecheap,,,08/08/2026 04:14
ca8f90ec-0822-41d4-b6b0-4ee165a118c9,apolitical.dance,available,10.48,36.98,high,low,10,namecheap,,,06/08/2026 02:02
db177c51-e283-4322-9fb1-7d55b421a609,textile.dance,available,17.99,,high,low,7,name.com,,,
71512cac-42f0-4f56-a2aa-2c0292602b2a,acronymous.dance,available,10.48,36.98,medium,low,10,namecheap,,,
fe7f077e-d440-4318-a218-34bb0f2fed33,apology.dance,available,17.99,,high,low,7,name.com,,,
396702a4-c375-4afe-862d-a3917e998823,tracking.dance,available,17.99,,high,low,8,name.com,,,
96b2d576-aa07-4077-a035-938c1500f45a,while.dance,available,17.99,,high,low,5,name.com,,,
57a4a2fe-6bd5-440e-a0b9-7bb6093dc2d2,japan.dance,available,,,high,low,5,,,,
9bc31128-028f-4ff4-a164-ad769d8be9b9,baggage.dance,available,17.99,,high,low,7,name.com,,,
e15207f2-50f3-4953-85f6-ece033c2a6db,duty.dance,available,17.99,,high,low,4,name.com,,,
0b8fbcd5-a623-430d-9535-b36a32960f5c,squinty.dance,available,10.48,36.98,medium,low,7,namecheap,,,07/08/2026 03:20
45ba3627-bcb3-48a1-8647-0d94464161c2,orleans.dance,available,17.99,,high,low,7,name.com,,,
1e9bc675-13a3-4706-ac2a-c009c78f8ef3,criterion.dance,available,17.99,,high,low,9,name.com,,,
450b2999-ddf3-4d3e-ad31-7e03136d13dd,previous.dance,available,17.99,,high,low,8,name.com,,,
fd3edddc-651f-4197-a43d-e747c4b81f37,hanger.dance,available,17.99,,high,low,6,name.com,,,
9e9366e4-4898-4866-a369-f51f0de0382f,hairbrush.dance,available,17.99,,high,low,10,name.com,,,
c326c43d-9632-4236-9f18-f15c0647bada,lately.dance,available,17.99,,high,low,6,name.com,,,
b1444b0b-33da-4dd4-a7fe-7767cba3fcb9,baguette.dance,available,17.99,,high,low,8,name.com,,,
0aecb065-ea46-4079-b1a6-e6048976ac4c,proclaim.dance,available,17.99,,high,low,8,name.com,,,